sample_0	sample_1	sample_2	sample_3	sample_4	sample_5	sample_6	sample_7	sample_8	sample_9	sample_10	sample_11	sample_12	sample_13	sample_14	sample_15	sample_16	sample_17	sample_18	sample_19	sample_20	sample_21	sample_22	sample_23	sample_24	sample_25	sample_26	sample_27	sample_28	sample_29	sample_30	sample_31	sample_32	sample_33	sample_34	sample_35	sample_36	sample_37	sample_38	sample_39	sample_40	sample_41	sample_42	sample_43	sample_44	sample_45	sample_46	sample_47	sample_48	sample_49	sample_50	sample_51	sample_52	sample_53	sample_54	sample_55	sample_56	sample_57	sample_58	sample_59	sample_60	sample_61	sample_62	sample_63	protein_ID
496329	544135	265115	469532	357642	191037	699230	137414	408196	150344	1123665	613572	1695527	933659	1098519	158384	267049	213118	1293798	198993	832209	307300	165924	274025	780746	620597	150843	407989	1415572	126473	794070	830222	5725489	1611595	870150	169425	261564	278750	180545	265015	186480	586612	614481	173244	1001487	154975	104305	393418	260713	1177630	616019	146699	191167	270050	840227	317640	491131	146127	193169	1338758	166650	429005	1038756	145780	protein_0
575861	2450832	807291	1760091	511370	1293153	1144413	1123431	1340525	1595245	224132	1244739	1603885	1098081	237605	820280	533298	1127439	1831000	1075835	1765743	643815	841100	1148645	1912714	1265547	629150	637917	2982282	1240802	1321335	1342627	2536023	158589	1464543	786711	1563976	794360	826941	1590415	1435471	1591417	1700472	860935	89140	943633	609921	1056199	919744	1023952	1785547	1200890	736040	1397451	1311029	1064394	1472707	941162	829773	1573012	888983	897956	4358243	1507237	protein_1
727491	1303310	552997	902472	1080472	89820	1386390	321794	610100	670198	835218	663941	897436	855474	1154078	194829	1199572	214912	542487	306088	859894	426053	347762	225420	949715	554058	567604	237112	758203	197783	1131706	600428	1108657	1087293	651533	97057	719628	968726	323625	330315	308450	618862	418891	508545	859706	215155	775390	573822	790394	388762	587879	251573	355722	146852	2302165	574610	836483	470534	523966	580693	694937	802922	1147959	257956	protein_2
35264	0	137575	42215	0	59537	56853	163673	41958	293386	138792	68948	218561	51530	131308	55893	0	63100	0	165560	77187	205414	175700	72533	88016	0	184749	306573	0	169296	70860	0	0	188578	103572	0	182982	35977	155366	166274	23274	57757	57328	19692	142827	27979	24478	221893	37483	0	52961	153834	66600	0	155561	30282	45231	267004	23013	90459	191212	44291	0	0	protein_3
59437	222523	120386	65512	0	113510	79399	31759	83829	71200	82289	35352	63361	0	82463	81260	0	98982	151109	44819	97837	110874	99533	122478	60758	31198	136088	11215	198114	53721	79546	38197	251857	9931	0	105148	18767	17248	45030	21251	64873	86864	0	102507	8036	73638	0	135526	19621	25046	91739	58529	11293	160256	108463	16902	82210	87717	76963	0	57449	14457	344434	150069	protein_4
1406818	463898	1157796	956491	367121	1893660	1281249	581157	337176	3143597	1230625	957249	945206	895713	1115185	1949658	390365	1897277	236272	593270	412047	939452	808495	1710534	1362098	1576105	1262296	270869	457418	1577026	1757447	1046005	382304	1080661	1002119	2956542	608604	237419	690178	500468	579251	403273	1082508	1110384	737850	922506	226616	1338959	299393	1229150	334474	481895	237607	5539480	1446357	259138	372581	2624940	1281896	797672	1927681	197261	422817	4467690	protein_5
159959	1223204	1056041	255340	865540	267187	256827	593635	381585	107290	842576	161999	447091	390262	1143023	171284	1403864	225097	1388287	479541	608010	1023523	1066222	239287	297705	2137862	1134008	112997	1241930	92949	253730	1747842	3910773	1738543	704382	268399	101953	417876	504134	115131	106209	515339	701305	105488	1452971	117871	435913	1378174	436704	1555338	482484	412951	50909	623775	329293	549486	411969	297473	110493	661980	69454	417165	1680883	348374	protein_6
1376224	3484017	1191972	2532793	1118294	877186	2427690	422970	1277699	1639558	1227136	1793232	2005749	901340	1121158	712632	1011922	881530	2161570	1408948	1484351	1188379	1089904	887928	2684828	1553393	1279094	686728	3943727	953884	2487230	1639180	3396451	1450553	1446116	1238331	844606	1022425	1581028	966561	892746	1439755	1260997	806280	1237462	886670	552602	1281838	1254937	1318277	1458401	1507010	432734	1721553	2480585	1269139	1022054	1124339	898309	1485266	1053869	1150028	4483132	1565258	protein_7
918737	1998478	762222	3147485	658847	190198	1944646	776593	1673041	1323126	643785	1402471	2230996	446240	686109	132500	598618	181784	1525619	1094996	1754549	626499	549750	202542	2598260	1165724	701677	1037702	1951965	896615	2311630	1170455	2688451	1165484	1194236	371849	1020521	1067667	738165	1084193	898382	1260419	583557	1639707	1337296	783474	890100	660643	1042556	797653	1504889	1095430	654333	521765	1764563	1465200	1144129	275349	1284454	764737	1325537	1242405	3233805	526281	protein_8
22938146	43259136	27317109	33086027	51863133	7519337	22070953	10755962	50927079	30442891	54978010	24693993	21446024	42090214	75435086	4306349	58907002	3740092	35097850	4772379	46134028	18219069	15833136	4962437	44346927	41834289	8380219	39413888	74288070	28865083	26406137	39450068	39769073	70700906	52440069	5556699	22028075	21462996	7756018	29436930	6002064	65541127	38672923	4961769	57049067	12312010	34419845	26423886	22480904	70579049	38542023	5410298	16763099	14642947	35782906	21005026	69742896	9373954	5091174	45680996	20601998	25700976	52129929	7235573	protein_9
6890518	8583200	4935327	10606023	3798308	5245702	11077874	4795099	5342402	9294861	5110032	5845108	7974648	3718199	5863212	4204596	3109730	5268889	4997717	5566834	6809482	4848276	4561297	5453890	11121990	5818668	5780378	2599951	8521163	6516912	12444931	6123704	7980179	7815001	6724217	3792901	4250263	4846349	6066042	4843258	4367162	6380072	5397824	5117243	7571196	4560041	2945658	5510283	5513431	5638556	6218503	6359951	2395829	5818489	11269045	5477652	5044048	7951707	5340878	5690569	7355757	4560921	11456973	5667001	protein_10
42320	25278	0	70817	42848	116118	67276	0	18083	0	69107	50817	63023	13977	71971	93053	37180	121831	12031	6038	21157	0	0	117772	69572	59676	0	35867	24712	0	89148	64480	19407	95860	20043	37046	0	24797	6701	0	40928	36478	9968	40868	74265	56552	20049	0	27517	57726	22336	6689	0	61124	82164	35230	22381	0	44905	18006	0	21500	30211	53834	protein_11
495806	629868	70747	212703	409379	79532	732158	357143	192964	208274	170670	311657	313542	235887	138949	44903	545286	65591	554322	50175	281790	46091	32385	82455	259586	206203	54185	81160	879375	64449	682292	193202	818508	417560	219607	28725	126718	309624	54812	135051	156587	179547	171635	110649	321170	78969	248201	54064	268654	334411	251798	51676	75261	42914	860113	203229	219281	0	164056	246490	123073	300731	853781	39229	protein_12
317908	206203	242385	996974	443906	1318887	606528	331745	2079514	550202	194104	1155068	1382475	1519942	204254	947441	530949	1042374	162650	72103	2502975	227658	204641	1379246	1403312	910807	186791	1128318	261584	339716	705725	779798	233281	205799	1919136	1043814	535824	1315471	69028	601255	925544	2079719	2143145	1188016	161836	1444106	903260	209214	1783986	949789	2154253	78381	307843	2072032	768903	1409205	1964487	658541	1396689	1741423	372857	1239171	439086	1306410	protein_13
1329922	2231560	1417482	2365240	1746144	2097560	1708758	1410958	2535923	7611094	2153301	1612085	2148026	1737978	2058613	1904684	1869512	2374759	1410170	2172428	3197416	1355056	1243334	2340486	2649777	1858293	1436711	1083574	2795120	3831005	2054171	1670568	2558852	1850563	3527274	683698	1423335	1366136	2137506	1391586	1260945	2885677	2529829	1797375	1761859	1387979	1003925	1442592	1505591	1513275	2880448	2090522	582588	829595	2461816	1404740	2753593	1656279	1675309	3267458	2868473	1397429	3208253	759934	protein_14
1405460	3253867	1270079	3610474	915586	655710	1908957	1120648	1785454	1043086	0	3429703	3390548	1235976	0	528583	1091474	519114	1893089	1769206	2181662	899512	910613	506967	4281162	15695981	1253095	808501	3137546	642151	1932832	12391890	2375861	1041942	1171560	2983030	3876999	1612837	1833856	3773018	256792	2134924	1019692	326486	984421	294670	1536639	1179440	1945006	12528305	1904959	1566514	2248968	4710602	2670772	1692737	2122801	1405071	344399	1268798	763560	1575886	3620218	4418787	protein_15
3406167	6118913	3211394	5796289	2381528	1032272	6165124	1833829	3707668	2875398	3696764	3786265	3929356	2411986	3930019	731525	2011681	913468	3745960	2951289	4146386	2985705	2744918	1068972	5745444	3835590	3424005	1965800	5728743	1978216	6458310	4259257	6148806	3467071	4265310	1403553	1994730	2919484	2765984	2427079	1006199	3884862	3385162	1296571	3789799	1158981	2419941	3249611	3368363	3313494	4265798	3040323	1260585	2218823	6269068	3743471	2885175	2708977	1272695	4583282	2149852	2961006	9447374	2079898	protein_16
629499	933102	346812	689255	438345	261166	1084850	400008	376147	800542	331786	693247	624267	412853	371255	207039	535447	278241	410881	448752	456358	336884	484125	255329	989228	739460	407909	820731	693707	313118	1306600	848920	817325	1085311	737245	212660	194850	293303	297454	243725	88667	425600	513889	69393	754343	39096	285127	498415	439725	580790	577199	481154	132107	163928	1084942	590967	354568	372864	48933	601327	435226	283908	1416146	239443	protein_17
3925280	3959854	1927126	2732624	2606813	2468729	3584077	2046523	2867196	3967892	2361340	2792119	2959198	3742977	2894684	2712975	2234145	2694982	4078356	2200137	3510573	2547690	2209531	2613583	4845035	4210668	1963334	3375650	8530815	3483587	4366047	3599616	4991024	6833425	3592725	1497109	3444122	1906504	2978303	2836785	2254295	3346013	4136000	1855398	4652201	2726179	1917058	2302947	3384638	3236884	3193569	1982347	1167835	1901291	6262734	2141821	3718498	2010512	2171711	2259873	2495884	2362310	7454784	1473440	protein_18
50116	38034	0	38795	11340	6410	119583	0	46786	0	0	11015	26458	9505	0	5823	16963	6898	20151	22201	78983	0	0	8324	38100	0	0	30273	27176	0	118133	0	26650	16133	21686	49963	203006	22104	12543	158228	0	68823	18438	0	34117	0	37021	0	30570	0	50661	21842	49236	73698	76000	53063	37335	0	0	20165	0	40006	52517	62097	protein_19
5860686	6867299	7280416	5889369	3177038	3929262	6004700	3980615	2383016	8629707	6863750	4541659	5170996	5547678	5754183	3262426	4463143	3135766	4017289	5049217	3144122	6071943	5696467	3314369	6898025	6456163	7259154	2716882	6709326	4029070	7057037	7341215	6209790	6134796	6020493	3332255	4971567	4171448	4763733	4705197	3469836	4881554	6309571	3397995	4890535	3326368	3440773	6643744	3197934	7371852	1810792	4939708	3291709	3865264	8045751	4217494	3279708	4025979	3571945	9010021	6401792	3679968	8868518	4344753	protein_20
2822938	2145684	1556726	2807284	3137023	1727402	8594284	2750183	1577388	12914944	2040308	3995503	4732740	3425113	5517921	725854	735076	970867	3681065	3748945	1306172	4698785	2846784	5877940	2701599	1220296	1032042	1249545	45238061	7212167	4379153	1068997	18999104	9045650	5337421	434704	2349221	609820	7151785	2865844	2484458	1988969	10205890	1776469	13979045	1910690	705277	2530933	910657	3201181	915430	7082155	1595894	3375093	6643211	1261760	1455619	9248318	2243368	5611327	833641	1475948	53516993	887152	protein_21
147785	148951	117560	125883	70436	55053	261004	59823	73330	24837	77550	104577	110050	39538	43058	30739	40136	43695	68453	31016	68655	119292	127088	50846	233663	181488	73481	57968	249878	27242	321254	216348	165135	67812	59760	33605	79019	68197	29039	107204	25690	98151	32423	37254	105982	38212	65231	111758	80768	191037	68394	40373	53631	42521	394806	74425	65164	39910	42831	58654	38772	80096	155351	47361	protein_22
3882072	2535425	1462935	5876002	4870118	2232452	7875092	320488	2904977	3751274	2054077	6490843	5956078	2858636	1687658	1393929	5051928	1140845	2147044	1322067	4798100	1232243	1070507	1795110	5675071	794188	2053345	1988970	3505216	1771601	5438925	930653	3265297	647089	2938168	1112052	1322454	4701071	1762556	1157049	695767	4283836	2938047	390472	1029031	428968	4232677	2025546	4372192	692286	3337711	1676285	865611	1504607	5898327	3419518	3467747	1605896	462820	5201622	1303400	4469413	3890727	3198659	protein_23
1069823	878038	657850	1393133	605917	411465	1510943	325711	545016	369260	814670	1294745	1298057	1171371	893602	406460	568200	367399	525739	611842	625755	573443	535541	440563	1673591	911251	570733	507588	923571	291659	1459340	916329	776152	1458281	1338108	272410	475342	211761	814828	439444	180958	799393	1318730	197648	1161500	221147	484952	702445	242179	843615	529716	599569	184153	362676	2220005	198396	679578	403634	212632	1288095	265518	224864	1239251	379124	protein_24
115478	365244	12305	128576	0	0	402003	6305	121925	2004	73871	68402	75352	1727	69179	0	0	0	383629	13775	175323	20374	13551	0	94755	242981	25419	0	330507	784	449773	269128	384856	84392	4712	50057	1873	11825	5994	4896	0	183669	1646	0	76033	0	0	24292	11730	234533	174640	16523	3749	68917	239633	19416	107812	0	0	3732	1492	10644	541013	104928	protein_25
776482	1323567	358402	1641257	126555	1546522	1329100	235657	200907	496925	576895	1063389	1728122	103476	644101	1586491	153687	1356605	816152	556869	277828	298747	279405	1763811	1267484	2333251	381210	149925	1022805	351948	1551115	2638914	1818677	837369	152147	751269	381022	238799	409302	502246	823243	229836	110102	1177501	1094876	746980	474975	377370	242794	1528128	237039	487347	220146	985947	1285709	397864	162487	291435	1140159	130485	537074	317610	1674484	1008352	protein_26
3520753	2703890	2573036	3601710	693948	1173601	2661061	720601	1313553	1270512	4808342	3428744	4077593	1010627	2612792	1400955	1412868	1169756	2651568	2330703	1737756	1165540	1630549	1761563	7697211	2344752	1347335	1344570	7430218	1886283	2086516	3487256	3353764	3082844	1786507	1535422	800765	2894260	2508032	1031474	2220895	2646997	1721385	1090200	1555068	932351	562339	2999957	3182077	4573625	812221	2572758	679201	3895586	4974361	1007402	2271456	938261	2074348	1544287	1171913	3289456	3414174	2069907	protein_27
6937835	5904010	5198688	3495031	1494004	1641449	8056705	1002235	2681413	2391344	8523915	4409385	3389139	1678097	9984120	1442079	1709127	1801770	3589169	1606593	2314415	4396528	3802491	1932611	4004830	2699525	5088937	6905229	8589169	2225669	9894679	2223706	4310618	11007988	1552899	135769	1662497	678934	2066506	2176477	5876723	2577876	1570918	6154350	6852275	5223488	3393615	5841945	714101	3483837	2047181	1743773	852519	251924	17069042	540576	2418573	628241	6513522	1572167	1910945	714732	7324921	152724	protein_28
0	53087	72850	120470	824259	0	0	0	14892	0	27606	80938	101707	35454	24316	0	517943	0	37348	95391	18755	59216	58559	0	144546	50703	67986	543414	78525	0	0	53092	66271	457563	48139	93638	0	83081	102538	0	0	16960	38855	0	392139	0	2743699	93671	85373	41251	16445	92590	0	121416	0	88471	15110	0	0	40530	0	83163	67233	131812	protein_29
2473865	2271180	2297003	2139402	1866782	1126043	3715693	970616	1655946	2055383	3302972	2011939	2180249	1206276	3177912	969219	1202002	881705	1681492	1007413	1826046	1142529	1173873	820883	4178595	2894783	1364810	1504707	3574717	1330897	4044612	2820709	3077941	2512670	2110457	683393	1993198	2240011	1371978	2145388	1026103	2690204	1522600	979664	2877812	814764	2021074	1102680	2630228	5495202	1824047	1250806	1283367	406508	5928209	2234444	2194035	906194	1978808	1679856	1586589	3436512	3497994	434021	protein_30
5738	26275	0	5661	12104	0	3736	99034	20688	12719	76447	3229	4288	386655	51966	0	12362	0	12120	0	28912	0	0	0	7287	0	0	20167	20460	11954	5149	0	16894	0	783095	0	0	10764	0	0	0	26766	557551	0	0	0	52489	0	17266	0	20376	0	0	0	8154	14320	25407	0	0	437526	6703	13978	28246	0	protein_31
137266	70662	50978	44922	123976	0	108248	7154	25176	5321	2847749	41780	52514	20360	2770398	0	280027	0	94163	6241	50408	13408	10521	0	150739	1260956	22779	70870	165214	30903	23565	1202287	86319	0	36843	0	0	89206	16020	0	2835	22805	60857	1541	0	1066	15755	35226	123343	1420245	58995	9845	0	0	416139	26002	38315	168770	7531	54788	14602	154770	84127	0	protein_32
299805	385932	108370	172072	42708	89327	375395	236724	185497	404173	295265	123667	172671	127606	197070	102548	56318	125853	302533	113184	194037	112808	94070	125797	207536	338132	107741	5908	538190	254778	515370	284600	448535	395847	151835	105180	285409	3530	154635	246702	59181	171089	123008	69204	282183	173330	99248	95466	3848	259556	213936	157098	123624	131024	460899	4358	197568	84954	85607	98584	224558	2618	558750	117965	protein_33
815977	1077971	1078181	892017	475606	814381	1555952	253856	896560	48157	1368148	734665	834226	620201	914651	298050	632452	459964	710660	2290879	1196119	621758	643305	504798	967324	925677	963319	1120591	1024402	53551	1068194	824561	721172	1098698	1683708	793118	210504	2105308	2102804	158661	0	1438497	1193851	0	946900	0	948429	1021594	2618912	782107	797592	1919667	120785	1506823	1461878	1683307	987721	88998	0	1738850	30556	1957687	1557293	1565344	protein_34
278075	305532	20045	469828	356354	0	514338	35700	350961	19190	55760	313990	1378314	133102	28575	0	292794	0	381605	52381	434095	29492	22423	0	512336	245128	44225	65578	277416	8968	484333	291234	1202088	135190	368749	37361	100945	228206	54234	113209	18036	376095	225378	22809	119320	22154	153982	43816	250014	137864	462135	45082	41217	30910	612328	307944	281740	28115	22563	280252	15924	167004	553092	27299	protein_35
236851	283499	665914	346250	442410	253629	406505	185067	19067	325219	254869	207565	276417	0	249859	212023	470715	306237	139604	556746	27853	517187	516038	392329	378373	260549	716499	0	301992	180251	479498	247801	269935	499928	0	172779	361202	60380	537704	223552	443036	32710	0	624894	532408	377551	0	621854	80820	262778	25228	614375	92966	248791	539774	62238	22782	87231	637940	0	193505	140728	313228	222577	protein_36
104886	0	0	14490	5563	45386	86554	14889	48465	0	3836	7795	14877	0	3927	34290	3734	44625	0	0	64157	0	0	38181	11997	9954	0	7799	0	0	103725	10737	0	13924	0	72899	0	21889	0	0	8442	75003	0	10047	15402	27149	0	0	29400	6261	61290	0	0	33926	95584	38115	36582	0	9030	0	0	32015	0	26031	protein_37
125852	804374	225941	745904	261065	0	245598	5222	152977	61852	254093	416159	747042	30104	270007	0	229116	0	320210	300303	203699	125741	114559	0	803694	341518	163593	326005	516867	40068	264712	223080	824883	146369	44932	0	105902	152473	391813	130980	102052	269736	47476	116893	256613	173017	106586	199573	164144	227690	165802	406676	57696	0	232412	170693	168834	191511	215059	46548	41302	211326	925169	0	protein_38
904379	1936846	644254	2089230	805203	254441	2522548	827143	982178	628753	391343	1501027	1953772	767653	366723	141013	881519	220469	1196741	707716	1312608	764983	702483	237820	1315113	2340798	1082520	1269864	1317537	515815	2498479	2557350	2005824	637012	1173872	87132	491295	741851	593847	575586	305756	1187910	850281	403937	674715	255034	552294	734387	1024540	1633774	1137800	793942	395769	101521	1999667	1099831	1144467	1015905	349126	1496078	527089	622866	2630586	79647	protein_39
71736948	70067063	22655947	102099962	36776093	49303958	103320051	42138961	40481986	33450856	79406062	27280921	67849105	12382026	86241059	38922067	30994004	48535183	41995845	15922193	49750161	20117068	18874058	51555841	91889846	70480998	23349090	35006829	77967016	19138115	133269830	59182014	73849025	55760135	31142043	16254921	31522184	47697868	15134904	35089990	37314019	58508988	22279072	46996036	57799143	35393040	20432070	23823908	59295958	62282876	52192894	18298992	15810875	22088925	106880081	69519878	51342948	24004962	40900076	27357073	23422020	42277240	107530085	20803010	protein_40
2526527	5004537	3268699	5291732	1744328	3019964	2559647	1523386	1566121	2605009	10063900	4428317	4460233	2040186	10899988	2549602	2306830	2837364	3005218	2657020	1653980	2691621	2471268	3079467	5865508	3155922	2912172	2360268	6418491	2028231	3199542	2618751	4853134	9615686	2978734	1904892	3918422	708027	2898784	3515493	2986339	1712805	2561314	3332447	7520712	3945706	1966566	3036978	658826	3357621	1461446	2824031	1591390	2944878	4640129	515003	1940571	5194450	3340166	2711888	1706935	594005	7024293	2321207	protein_41
9608	15386	0	55306	152274	0	10100	7054	19253	3367	14783	104079	71841	159437	21987	0	106790	0	44697	30628	21947	0	0	0	169163	29158	0	9123	39744	7197	9813	26499	37268	104641	59313	0	10648	25299	143370	5106	10722	86856	84661	7526	12385	7885	45542	0	17862	16458	25263	38048	4618	0	71558	15940	42659	101874	10321	102332	29776	55419	78784	0	protein_42
21679873	30105027	11556005	19863032	16614104	11053082	20738965	11692152	12913966	31691945	18851981	17381093	19948025	13358006	17417941	11605119	14765948	11845156	19283018	13645906	11640907	9946606	9717279	11069056	24383021	25328908	10847047	14251948	28259900	18535091	23663118	22749989	27143132	30003997	14705100	6476224	26118917	9654506	15305990	24858962	4059379	14347928	15987025	6562655	25928110	4351012	11918761	10823997	9317338	20548176	13165023	13510083	14120103	6664627	32730941	9136792	14365793	9848239	6611763	15007910	19684875	8203022	32272173	6740578	protein_43
48952033	57711953	36210980	85041825	15574820	16007226	46465008	5906931	23513011	22402937	29983107	60378979	74677932	15502002	38680965	11655987	14551842	17132036	47503042	44848108	31236932	37003881	30580870	15506022	104050017	26707113	34334025	8545040	77953910	18613117	55341840	24012950	53871054	47956781	23800047	13226701	16353916	20388968	56875943	14809020	10647020	34884983	24204140	15928015	43955021	16234861	8086349	36289929	19576187	28664101	29939119	46182020	8879172	19478943	55506119	22535945	32191926	25610979	16274044	20674957	20240888	14863003	81990984	15263023	protein_44
208705	135362	151876	218191	456369	405476	275056	14101	409534	408701	525438	194750	570246	415862	526729	354925	295778	375972	192319	13219	818877	184239	115250	415445	407492	245969	116711	127753	267943	227887	307164	251995	550561	539312	848687	377449	122915	235928	14580	121677	125209	674143	576659	74126	378746	125668	189543	163564	239881	199070	682386	9787	50247	317851	311008	209414	501567	151263	140739	521744	236013	263743	297926	353065	protein_45
438686	477122	240963	180888	93395	358886	618206	126593	331967	318847	66497	285442	405298	71274	77105	288204	138644	222094	221917	287391	367715	280292	343335	264579	339050	718632	411769	545785	593551	223421	652292	644359	339849	1160447	301528	318880	246757	176909	277735	183290	135148	250431	358346	255621	1048600	321431	0	411487	334311	543647	90597	238483	46942	698364	711778	190479	125557	274225	234485	234066	169938	185747	946248	322076	protein_46
2050423	2754573	5484795	1255535	547654	271605	3319597	1804903	1140479	5498434	7694030	615036	985285	1413054	6697419	199149	516241	465293	1313074	3201506	1537942	5137526	4575048	444899	1188854	6957947	5226374	792538	2435998	3186446	4091301	6645072	2282683	6194952	2109503	0	2412433	539432	5139909	2149830	83858	1376338	1955542	64959	5378418	106255	1824224	4459740	665709	6341190	1247752	4467039	1062702	0	4116871	705008	1024242	2489775	74690	2310105	3589398	608418	3246829	0	protein_47
10299033	10891902	11689995	24703997	28124929	176340	14485030	1625354	3575229	2123952	7949046	13889927	16369281	2163156	5100199	135638	31149012	73914	8784027	9091098	3958881	13973949	10605749	117130	19038916	11230931	9730413	41655105	11186068	1654254	16985990	7798925	10082049	14023124	3658909	147643	5592838	2477041	11059074	4172781	1576685	3948318	3029851	1335158	12129088	1446462	10540133	8013173	2032324	8045708	4012808	8046548	2592154	264910	13451058	1858558	3851347	783986	1526355	3358686	1889137	1948338	12568878	243097	protein_48
9611948	10134957	7695066	22120813	8754504	4759077	10061743	4478645	10036174	11229999	6551478	17639905	21195165	8769498	7053382	4796372	7051253	4920003	7186318	6274987	10550872	7470320	6799985	4790377	26267170	9556751	6932429	5230918	14009938	6867325	12282943	9357348	11690945	12962921	10933173	4353401	7292585	6260485	6944491	7247601	4431807	9839740	12175971	5672096	12813142	5422325	5902222	7779076	6810840	8463716	10847868	6429801	2914817	5695449	14852802	3840799	10458101	4996199	6041333	9870675	6433875	5217655	13428857	4754335	protein_49
54512	619576	498815	211808	25361	392297	27702	20283	125536	349821	126088	184914	191457	155816	128385	285502	34575	417997	728513	717907	233905	405957	386841	455617	364421	46775	553657	51706	1013307	227228	24445	54557	869578	81938	160825	136073	0	247697	792382	0	429440	183606	159248	653278	53114	451338	81238	510828	377581	90718	96306	810698	0	229389	79342	257221	82702	201752	741803	166345	300012	348123	1113249	162187	protein_50
298646	199542	255239	353833	190594	123434	428607	19495	125786	33611	232346	276037	339819	122546	240935	135538	184554	140829	127224	674532	182020	217571	201685	157548	444166	175539	254887	92396	238484	10699	517326	178069	210421	244049	119114	382027	248004	219718	931462	251448	109892	184663	101378	149560	224641	108218	206524	264666	281439	180157	159112	816105	117782	413286	648298	195799	140028	23323	207894	130723	18207	261559	266622	495524	protein_51
1141236	4361153	5584944	3424200	4273025	2122795	1304626	725462	3253879	2394168	6344898	3134833	3690551	1995957	4979673	1731093	4185541	2198751	2668288	4535246	2400245	5940329	5042863	2169419	4366079	2207544	6368149	1130020	4895047	2699723	1644369	2195101	4160024	9078176	1606655	610072	5198512	1962056	5318733	4315185	1159524	3687743	1802762	2555731	6880379	1258673	1427531	6158196	2246380	1650091	2843912	4110646	3854199	772449	2057090	2074208	3234033	1349928	3204201	1662486	4236259	1588094	5801045	804946	protein_52
29676018	113680124	23189941	48014926	44672154	23594857	57733880	28017972	68470969	79017006	88098973	26202010	29828943	122759967	95938887	25616024	31817912	25809914	48158858	26670091	49001982	21993012	16963003	18037233	69517029	61377918	20981119	33398981	80114105	50994032	71713984	86674964	74108064	251599964	43262834	14083915	154199949	37098754	27019043	107529979	22206996	69283883	98181964	14407008	76573792	10042031	30970856	16104916	25343010	70454058	65732984	23745952	62466065	7145222	98856954	10797005	59425040	7152022	33885988	87119987	70431053	31809169	72184024	9255049	protein_53
2167496	2415458	2030389	2874539	1677372	1422572	3131908	1262038	1598757	1878072	1027901	1754674	3792644	1580378	1495130	920843	1878947	1279929	1597178	1312228	2019963	2433029	2087729	1533602	3287029	1230973	2329126	1355761	3090611	1505976	3561531	1368712	4576546	1789540	2856405	610570	1964103	1613061	1313192	2066937	611513	1871309	2767411	777229	1857070	866480	3499301	1482545	1823844	1158920	2097037	1328198	852033	962114	4011085	1473844	1520059	1019463	851148	2745181	1466808	1325915	4504312	791187	protein_54
6349855	11318944	3624803	5905562	5284634	2287974	8254674	3337443	5642512	6467084	5459492	5534358	6078674	7572227	5563633	2012919	5348686	2208032	7003617	3793413	9210387	3501117	2945717	2205189	7493815	7087472	3360688	3477971	13958190	4371465	9195077	6631823	11518040	6985664	10346006	1822030	4128276	5830878	4156734	3666209	2480688	8070257	7384766	2780081	5961700	2963213	3626824	3551209	6861001	6465767	6939293	3985520	2053927	2933126	11690861	5183479	7031682	4189621	2820688	9328451	4114429	5779371	14882888	2665658	protein_55
137907	241846	588852	760317	786932	290805	222241	560626	1118717	1493346	308638	1389251	3413867	364907	304116	246253	760296	296426	519423	680845	2284703	603093	567924	327455	1354861	252895	767091	818685	321858	872277	234169	238815	909697	337852	1208128	164092	917990	275403	849588	1018243	558918	1284580	655448	793360	293964	311214	72145	858662	246736	194734	1074473	795841	633536	248924	231422	246640	1285152	303809	602430	1076721	711881	219859	403019	284721	protein_56
819143	240015	69374	250732	136041	54394	923603	179235	256252	170599	140549	217860	264369	174173	137491	54131	134592	60494	149051	352800	250267	54611	60451	55934	307073	276070	66081	69708	296446	220187	1115590	347431	210181	374482	211982	0	246750	64052	347911	149892	43069	268813	195553	24714	256724	38381	117775	88109	71291	265153	269208	154787	139256	0	1417945	61878	280640	38250	20371	177488	131090	58493	399879	0	protein_57
15950	15452	0	13768	12059	0	13699	13160	29927	52806	16854	15152	21392	48976	22632	0	9335	0	10293	21714	20342	0	0	0	25708	3206	0	35983	24547	24884	19827	2686	12493	29913	36379	20333	4951	17736	35669	5043	0	37579	46174	0	22614	0	10922	0	18044	3527	32734	18566	1923	36715	33912	12884	31186	0	0	45654	51989	22580	14913	20019	protein_58
541514	1607207	587021	1171607	8323	441991	628086	41137	358357	397305	1411065	415295	936035	187646	1410863	255013	11065	333842	1176171	1080523	794893	495387	463682	421542	979548	1127820	442151	48830	1441855	334133	943529	1254586	1535028	495236	780451	262845	429191	0	1139767	516842	0	856482	457144	0	292615	0	642942	449120	0	1515719	625479	1209303	428592	545489	337035	0	582725	249385	0	727585	493043	0	1732616	526764	protein_59
1930682	1294416	1775273	2448293	773168	1101593	2214879	1597569	1416981	2387049	925725	2124153	2465143	2018371	1248068	960342	754793	1032875	996029	1965363	2158479	1760464	1489379	977556	3170537	2316696	1566419	1245392	2383851	1577406	2740288	2071585	1250014	1719987	2502158	813452	1882408	2146887	1744771	1655548	859730	1748636	2440085	951562	1574132	929980	828840	1725731	2338951	2267875	1979829	1668200	808848	1174830	3024772	1928054	1988093	1529499	1001895	2088580	1661705	1984304	2246515	1042722	protein_60
7892136	10134912	2438575	6645146	2100798	4027520	6694235	2573471	2227122	6061515	4941352	10475073	5666341	3655304	9308491	4224577	3968922	3591673	9314372	4248689	2821774	887516	1007027	3657093	11629124	3705001	1025127	3972161	12558890	2510649	9595622	2820453	7155744	2895666	4340839	2283051	3655217	3565977	2689375	3497760	1493655	2370648	3465288	2229866	2214318	1641448	3897124	1723351	4258505	6650830	1932053	2380455	3183870	3712993	12017986	3687437	2876363	1718583	3467735	3134290	4965229	3170152	10275934	2712394	protein_61
120958	99738	101558	56112	68811	159048	116344	20090	51591	0	50516	41161	51086	113255	40715	128140	56289	137553	45215	235716	58247	83387	65278	127775	54582	0	106393	26132	75038	0	112100	0	79501	46416	501289	72359	0	202436	190553	0	109448	57291	460734	130014	34159	111320	64531	125131	101101	0	58155	182537	0	154646	180820	86945	50293	437999	124185	435946	0	73031	104779	102489	protein_62
1456969	2382756	617670	1076265	601271	136235	1427104	164045	519299	232988	1095865	1028854	1193042	538417	896899	147491	604700	116213	1711363	317243	494861	523588	422436	158437	1448608	1235624	387798	436176	2278810	305207	1374996	1056088	2217596	1657524	559069	183395	405765	313388	489218	467895	569172	466558	586262	509823	1229832	642448	483637	621243	399063	1214786	463860	350969	177156	359453	1699434	322937	508267	179060	577948	464125	175491	410761	2401799	260326	protein_63
7536540	20549177	8426744	19225922	14877011	3217653	9900568	3439869	11243021	6771606	16659945	16783080	19517879	19707081	12637011	2817804	12923039	3527329	8961816	5532729	17418039	7942515	6377748	3294474	22901819	13026869	8909490	6389803	21560114	3312445	10627008	13167943	15115927	25445038	21493081	2271356	6586593	9225356	6446622	5867092	8295504	15633022	21101918	10041003	14154068	8708232	5123284	7562839	18745063	7910595	17340169	4990054	3693847	2497246	13120855	8580065	20524880	4476488	13477856	23381113	3242601	13154972	24360020	2826417	protein_64
8130762	10079083	7082352	8992484	6479222	8695588	9841360	7637894	14728058	11279122	10680107	8388493	15129052	12063045	11443865	5672871	9602074	7703052	19018909	7306239	17724054	8258302	7267169	8680354	8608712	17366074	6588456	5394610	12072001	8501310	11974006	16107146	28506874	11512992	16454048	7009432	11839223	8717296	6903108	12292087	4851926	15734039	13380820	6656374	9881588	6093655	10108003	7770804	8792689	14321931	16418993	6441641	7481911	10015061	15172927	9505092	15882230	7952975	6868259	13025117	8551210	7535480	14030972	7578711	protein_65
2622315	3000537	1011828	1915672	1206303	530171	2312191	1598882	1532131	1976814	1891094	2152189	2138082	1566761	2049726	643669	1922489	674590	2240237	1202923	1970209	1036559	976012	595977	2399441	1833833	1010254	1256889	3827599	1652630	2597811	1593338	2620681	2637227	2041942	639608	1131313	1816453	1430008	1043285	377188	2055077	1817369	407965	2471844	530933	620336	1299618	1918123	2065569	1844019	1239910	549544	1181102	3079795	1733694	1761302	1247994	433337	1620042	1373777	1264695	3874897	1000236	protein_66
51069	71225	67945	191536	74338	46226	86644	42674	179758	233275	83972	250745	665543	1113559	81846	31210	98164	48321	204254	23176	345057	89642	60386	60635	315761	99541	96393	69488	93003	96791	95727	121478	454899	37228	1017692	151852	81075	124026	22330	60576	21010	179557	1034938	40878	33361	21563	58967	128965	104801	90951	177793	28450	44480	140147	131735	131956	182119	13587	43001	712605	143840	129487	122062	189218	protein_67
261690	179015	72404	1286258	0	0	1038764	18633	83653	65571	0	481611	797651	0	0	0	0	0	149173	357573	130289	75208	73332	0	718334	407019	167427	206168	137229	25147	930738	497029	162825	77065	0	12713	4743	118672	138521	5612	174763	88907	0	445626	72117	121964	183871	143258	152563	207847	110198	354262	9202	16981	533871	299408	73172	54894	158040	0	70703	118352	347865	21594	protein_68
271190	340404	204562	187638	84393	214130	277460	13324	199437	282219	38037	160949	180437	72049	39831	175579	97346	222549	261469	571312	296368	91134	125860	198708	215369	123126	105843	39867	403622	134642	348464	115058	369079	83602	104171	2162	143663	349713	369006	181105	409670	209295	69128	6315	83337	11722	47760	517273	318544	85072	239017	398471	74728	3830	364086	332541	243328	1257797	1978	86126	214557	219086	475542	3506	protein_69
319847	393168	1024440	55883	584933	243856	432196	179245	667830	554570	1277127	73850	194887	1045558	1359755	290972	540836	328888	333532	1051303	1064089	1168292	843790	349886	95617	1457216	1092793	232302	420133	591889	493905	1540626	1733096	2240636	1353200	52817	537292	679801	994328	529136	405564	812276	1170269	477236	1866777	535360	770424	1184371	700870	1144054	787274	928425	410974	83402	541805	613051	687057	479236	561643	1166417	531284	673413	501582	69547	protein_70
498867	1062547	640523	941732	614416	338661	910245	542823	358682	932024	657817	633226	699490	321600	613668	249055	514113	305623	753623	380231	450938	606003	501677	343855	987458	678771	606824	96171	1061207	480615	1080197	765798	1038791	236731	662257	34051	622031	256491	423276	635436	294279	483197	485114	385976	236769	258389	371694	630963	326320	745828	450542	495196	459888	37317	1016955	338183	332034	620926	479772	639528	706710	303322	1589343	59207	protein_71
0	285849	66270	81274	742559	636566	0	193263	73067	609342	1229485	35128	129189	209196	539284	2005856	2407299	1018262	400089	9657	80854	172332	340444	375625	52713	404210	131565	251805	513142	1656458	0	314897	333558	231821	1256563	119479	291222	53884	60016	440828	71742	129147	447903	28266	664482	92294	365073	68743	75681	239927	59698	28179	78283	334553	0	24561	113453	250707	56504	398260	243224	44864	508695	152809	protein_72
1106946	928700	1560028	2160283	306167	935931	1367733	606776	1636133	2333951	777200	756468	1768240	387067	858225	535157	321200	746848	991502	574410	2073479	1341130	1339952	867529	2039031	1932450	1624370	718140	822891	1490544	1717343	2336631	1089820	104236	1342094	1743311	1611436	705521	456100	1876501	1637858	1418376	630981	2114710	160269	1204370	876130	1384981	793553	1490328	1691442	567783	855071	2264358	1328109	1106868	1359858	1546456	2078541	960063	1996172	901980	1184924	2308866	protein_73
11228	26906	0	18734	15669	0	15398	0	27182	0	0	11251	13611	17028	0	0	20068	0	16822	7995	37558	0	0	0	18189	5000	0	15772	42841	0	14264	7287	29225	18067	27411	0	0	13363	2305	0	0	41351	24171	0	15835	0	31682	0	18911	4032	33078	5131	0	0	21628	22155	30263	0	0	28217	0	15890	54042	0	protein_74
150916	229206	176268	235593	725857	344455	251362	54443	412263	101438	255561	244418	403792	43091	247084	344717	661933	406413	215459	293389	765121	121510	128204	454770	295197	175307	160448	303638	328518	34315	242183	224881	478327	279973	156430	404483	173977	460384	195600	169463	435070	729905	68986	545642	372765	316084	592862	217266	613137	287132	651935	272222	115322	630070	330227	423379	541513	317961	689513	148457	61340	571156	385319	696731	protein_75
299629992	362829930	326570070	293939950	203519942	189910027	393550055	90211019	166640061	254089954	312970041	191029949	248260134	139520010	299960026	163030050	172470041	228099989	217970009	166579794	215649989	265339897	229760033	233760096	300209992	299319904	291340023	192159833	428279921	140910053	488700177	269349902	371340140	394059900	182919889	140510069	131909853	137069854	175719985	119289925	172430042	198830032	181909946	270429627	350540045	201180174	152859857	284890109	174089965	233359801	171849911	172630334	73428883	133869899	451600194	173880236	218339936	151550167	247910143	193719991	203079924	159220110	470069947	154430065	protein_76
326522	224063	309712	274124	829132	147071	347508	37608	528990	254720	679351	706328	495892	1601156	939970	155171	534273	102248	281954	327408	710939	539437	459328	124890	988210	949257	410971	287068	643585	503904	420413	651028	503963	1232640	922685	89234	529390	340060	570989	670790	563328	728195	1448559	397665	608629	457408	305933	410557	370281	977843	895332	232634	144164	138998	702745	315614	421702	169120	411157	985934	173476	414745	693516	47313	protein_77
786158	1144130	862635	505606	187242	856109	1058459	267705	668163	1073746	1093800	1082415	654559	1103538	1023810	987904	187920	794605	827057	889330	828720	1489050	929685	679681	1055774	680598	686031	80199	1052242	521180	1261528	553657	1283645	891022	1512869	1212305	349950	546726	893072	446632	368701	947897	1347912	692742	1271076	744804	119528	1107998	816510	858088	879006	947972	219897	1403603	1768259	630300	1009842	891570	629815	1029526	619059	560564	1550703	1802623	protein_78
3233567	4203817	2584641	4382484	878548	1855839	3346789	583767	1407593	3002421	4089180	2255318	3589004	2122901	3362364	1694565	1007924	1966482	2630131	2990708	1772318	2118306	2125685	1908135	4939700	4214093	2677442	731931	6418345	2044417	4585429	3848028	4788354	2503729	2791212	2648800	2180408	1366865	2680848	1851922	868712	2124364	2459831	1119583	2509941	1086153	925681	2857100	1871181	4095658	1689435	2672889	1258794	3160933	5210060	1440933	2039890	1686411	1413397	2861848	2399459	1468716	5498451	3656908	protein_79
304460	439674	338005	378089	390988	561759	342349	331346	617359	754267	1249275	661344	2613963	634611	1372548	537337	851977	476579	164058	734224	1544471	293632	86211	470932	1006574	1119877	367393	463472	370056	335230	447268	626736	3020077	1304649	594244	0	147821	1035715	599204	280500	333397	1079008	875938	222123	642113	282460	218781	439011	1000313	671852	239626	210585	150826	0	808281	979826	927542	498000	399616	126774	110646	1346271	480941	0	protein_80
1749174	986475	1120834	2062601	195992	764201	1848693	6053	300798	282308	1033973	2264600	2113295	430621	1008805	642637	173689	896705	502053	583012	404805	1084840	997861	897278	2790561	791752	1070767	26100	1096626	201002	1998916	810027	723063	763563	470799	432021	486541	155134	712404	391469	520719	356288	362642	720075	851900	536491	828610	1088613	155136	875201	329234	592215	345564	552227	3040481	129797	369154	237966	725845	495024	265228	154818	1258998	545092	protein_81
846819	1313264	424037	887816	12016	0	1531273	97521	44545	567748	98580	431938	520127	5525	90116	0	11610	0	1069706	308989	73643	322990	312351	0	883651	64142	404092	1478	1173860	241922	1661546	63444	1282752	178140	11365	0	437736	105190	252893	505559	29224	51542	5704	55038	203909	16962	187062	382352	111171	56014	47971	377105	414183	0	1350154	150716	38423	202435	33951	13094	524406	84186	1838003	0	protein_82
464533	454789	217430	458092	560894	41832	934857	0	0	49985	0	457229	878178	0	0	43508	180324	67673	152049	103319	0	174050	118767	59620	825692	392409	98398	0	485752	56432	851589	491162	1444075	206153	0	111130	75890	278971	197182	276148	109569	0	0	24867	42778	39937	147763	194869	297437	824704	0	156910	54017	278908	1219307	320241	0	60309	61120	0	181438	286521	1083824	221047	protein_83
3398578	1563982	1704139	2399017	797226	1378970	2757464	1091120	1483970	2224020	1331755	1593334	2056309	1470803	1127186	1141799	786582	1250359	945211	1507363	1485073	1478038	1563592	1315444	4300934	1658753	1424161	824596	3120436	1483109	3329225	1704019	1947289	2076276	2017326	1234049	1985043	1790451	2108704	2744663	574367	2176590	1628444	588581	2039820	830159	738149	1351689	1719973	2064543	1529357	1664043	1086266	2009659	4706479	1499688	1713745	1617593	752157	2138913	1355780	1854136	3056770	1827265	protein_84
1326738	1218086	307024	602700	1310542	1369011	1073230	1129553	280287	2901268	354615	1034587	991918	2112059	1179920	3209666	1161309	1765893	749754	0	448522	263331	260588	1055477	2803411	90489	287933	566940	1093493	2439578	1346761	122765	693397	791901	886558	299783	5958537	856591	0	2095532	1459434	411439	854558	1340614	803409	1176037	500435	289358	1089693	86693	350375	0	861962	575526	2549761	391865	603553	377263	2886462	765422	1598016	616178	809190	628107	protein_85
2038449	5103823	5132230	7433386	2387886	1043197	2769721	577816	367318	3728450	1363278	1142892	5078891	626982	1571951	802284	2213450	1475019	4007137	1035945	579325	4173495	3945464	1100199	4818598	581787	5224962	1662206	8783660	2281388	3566524	543500	5259509	1217358	4544609	1968101	6504442	1258994	1049462	6579557	112787	353616	1123866	983828	1046954	134096	219488	4787875	1290948	455343	338215	1096203	3343806	2902999	3752039	1605302	490153	7945294	154103	3055885	3136213	1209936	8881776	2599012	protein_86
3013905	4010675	2426246	3773397	1258290	2464507	3761364	1741391	1334858	1758030	3441873	3479592	3824652	2431266	3710713	2470247	1179327	2977166	2063541	2530157	1696022	2562500	2137083	2821156	4486372	6664021	2814149	1077580	3892137	1125950	5367068	6271599	3626771	3800314	3137888	1494344	2474781	1471561	3101565	2238479	1989218	1729360	3301612	2635216	3009619	2123055	1294780	2829252	1542825	5898660	1472301	1988108	1340077	2335803	6159201	1351870	1807652	2101400	2411962	2901813	1544409	1285780	5391424	2007762	protein_87
2274273	3633226	2760369	2400102	6204156	4576243	3223440	1660091	4570998	7334508	4326603	1900920	5907157	3165243	5555077	2458851	7424292	5281130	5440352	1227311	6309213	4377765	3437984	5998312	2617202	4209752	3955272	4041617	3614237	4576581	4386756	4774400	9373021	8266164	5540347	881646	4279852	3482724	1330213	3147699	3116182	5881309	4247626	4710595	8184339	5009395	5342447	3413993	3199008	4511722	6792257	1349345	2324547	1099130	6243982	3117458	5034765	1241674	5433766	4434065	3647742	2369641	4818970	802910	protein_88
113439	94585	64184908	215597	56119	103434	149955	7772	216977	37216	331930	61982	183221	482100	170830	54864	195924	46993	87237	129016	252064	64773985	36067862	86040	1854782	201383	38396040	34431	121069	134213	88046	250331	56892	1232974	270130	0	247742	0	352366	130073	0	138185	1014502	0	177409	0	57382	25421948	0	160772	164643	114246	27408	0	875144	0	137652	13313	0	158353	25200	0	36444	0	protein_89
1216967	1026152	724752	1397632	0	871069	1319611	1186205	958034	730810	317626	1152097	1992487	913557	343537	749085	0	826855	998835	446286	1425087	1157488	1005241	976828	1799219	47819	1074325	217071	1393488	636155	1748881	44752	1310936	431569	1609031	302271	1118455	887875	813460	802715	461852	1198165	1036370	805155	503850	694519	272284	980220	952746	42098	1214081	558800	293007	581914	2264663	870751	1213680	597976	906682	1140792	517573	816725	1259896	373873	protein_90
2715394	1928526	1106552	1877916	2434366	1274604	2883694	1496063	1274440	1980297	730076	4156170	2150598	1726977	944950	866411	2767090	1145202	1595831	1605645	1229972	1139997	924128	2098994	3349717	1656742	821955	857248	2669662	1736710	3175706	1726523	2499587	1693102	1938210	794444	2920253	973075	1340155	2101984	324560	1311138	2625408	782089	1122522	521817	1231641	1543452	960016	2975443	912784	1017858	1110997	960418	5484519	1082742	1304168	1122703	546377	2455174	1839521	1680161	3131379	800305	protein_91
4095609	4041806	3245889	5821953	2941316	3035584	4415263	1755548	2063202	4268045	3049607	5470496	5497077	3620132	3388334	2590567	3143532	2605115	2347975	2925585	2502310	2756466	2356712	2645186	6850236	3764518	2747053	1736226	4922264	3411223	4646713	3482952	2981572	4545114	3308407	1494904	2916634	2181627	3646481	2420517	2746857	2407205	3865299	2880973	3515568	3453404	2932226	2964401	2699246	3690621	2247820	2818584	1113886	1756081	6080480	1833803	2514422	2950051	3506669	2881280	2796051	2486507	4347444	1472473	protein_92
281676	76714	96275	477726	609563	130635	386903	46707	49910	69614	301665	502597	549619	123053	289174	94277	650430	75030	58056	121431	103025	146366	91600	88909	509245	120545	100138	26905	152419	51242	466813	131540	122453	85456	195396	32124	94884	70326	183787	66284	212380	94100	236212	203299	164477	245174	14472	87781	89373	183415	59757	120461	24351	36310	426381	46527	75080	210983	235129	195846	34182	88348	126421	34610	protein_93
3405591	1452291	558793	3857900	1879398	983263	4203935	1781276	7066436	4296197	1058196	6985256	15411009	3211306	1447627	1006394	1986992	1051599	1254248	3332523	15744923	773871	529852	931456	8223121	3994706	637201	708598	1773821	1991485	4808516	3411304	6306706	3501133	4399805	11440	2799264	2801741	3145666	2754394	1227348	9956155	2960798	1768116	2770866	1913442	1221411	818839	2936202	2757797	10552147	2699213	1200984	13862	7517140	2477884	8556933	490338	1966022	3236774	2090261	3013235	1766857	17208	protein_94
3634596	1702541	815025	1111032	2172265	2980088	2978541	3178428	4335857	5200024	4471814	1036316	1200520	2183602	3592473	1580213	2607668	2269861	1399735	1575555	3912013	731817	775417	2042172	2368732	3155240	737680	3467473	2941469	2597789	4444652	2904191	1638013	4492572	1936590	1241216	3375826	1741098	1420056	2246040	523585	4591980	1971714	554549	3325106	680792	2479536	825863	1482181	3109253	4769746	1348769	944682	1443550	6054760	1416520	6022788	3359885	666364	1998380	3144804	1570748	2347024	1302005	protein_95
1395479	2582351	277654	867896	440094	313721	2141949	458256	500617	998802	692081	789944	765943	550069	622329	287349	460259	433313	1720555	564485	655500	303146	379741	482631	1055856	474730	342644	845564	2138833	460343	2986421	581524	2518911	746765	1116520	301369	685568	960298	361758	874830	215693	839360	602714	415868	1051271	237165	407305	378881	1057492	389704	679003	507171	681586	448821	2313297	1527137	490999	184643	340506	1116939	858450	755676	2985193	469186	protein_96
75603	404548	0	573375	0	32683	265891	78139	38426	0	274435	317369	442373	13538	212267	22352	0	19930	242588	15161	40222	0	0	21240	538221	180424	0	114007	397636	0	342293	193401	441025	330044	22713	108179	0	228368	13996	0	0	44245	13905	0	395141	0	0	0	229620	154728	46710	12738	0	143230	186441	323016	36955	118643	0	24882	0	204051	561552	161163	protein_97
1958068	1027938	964615	2595290	992494	961544	1646577	341869	790030	858653	2203256	1697344	1906989	1379414	1902733	424313	1486327	390321	905831	752954	1143840	675058	735946	411017	3384761	1500810	1115807	567233	1701817	599026	1466481	1355161	894885	1112478	1992187	814340	766727	979940	826625	963895	556963	995233	764968	360008	1002874	421485	544875	926461	890543	1514178	660723	846295	485488	1176209	2158526	732247	998456	697693	410257	1484856	641564	724401	1299556	858929	protein_98
242625	223243	164606	153746	138967	514579	262869	188270	271089	111384	435551	134742	177880	210574	466784	527786	120983	449045	263254	93721	400070	141698	136770	500932	197241	960788	129868	129002	367295	75766	315009	883157	416555	154872	304223	302967	181431	162362	119832	201574	364594	398361	189254	323325	173988	347829	173247	179099	203382	793884	331397	115150	70212	385163	448999	149984	295111	189716	419314	210447	113421	196036	443703	369621	protein_99
382114	58176	300077	165969	368147	415987	312079	223827	164015	388464	907420	223498	257633	347286	261017	791679	103600	490578	235612	279085	137716	203555	123582	626839	451681	250796	384538	10754	244767	350035	391629	267812	381751	275261	172484	547431	943282	195677	1396752	381558	0	89258	889408	0	98067	0	137089	350145	96319	125652	109938	233624	127561	114324	1729553	15134	659965	184176	0	190104	424017	397144	235167	477125	protein_100
2040952	3539648	967537	1337667	5369157	2944373	2674102	174543	4845450	1515945	4977379	969954	1348558	5340503	4896141	3590768	5376820	2058583	2396900	1073316	7011052	949767	857558	2656188	1631947	1510357	889629	4466002	3769283	860822	3327510	1263776	3323292	6496658	6908449	448990	3160981	6609757	1437280	3326841	3894409	6353217	6163683	3328823	6442980	4805396	3897684	925883	7783941	1286121	6174450	1523673	1735844	608963	2969800	6681956	6356929	1235506	3242843	7344082	1100646	5529393	3998117	675243	protein_101
11264052	15018882	7168668	9779791	3954458	2587706	13604003	3153125	6009981	6693661	6806714	9289391	9622720	5819786	6715813	2537359	3484141	2355648	7759325	6928270	5738917	6319344	5423353	2852745	11112800	7004432	5924736	7319548	17753036	3964067	16815928	5985862	12587900	6125495	6122883	3209679	6675630	3740182	7092467	5189753	2163200	6357871	5125692	2681157	6400238	2167804	6522851	6917474	5017198	6500928	6666394	6298801	3839592	3742863	17939892	4993891	5474921	6116764	3192570	6141038	5337627	4504589	18209146	4510059	protein_102
15899022	14649938	9059299	16960929	11109944	10329705	17990997	6888959	12064021	16483957	23624195	18290885	20547920	12403785	25277080	10577733	13661189	9074165	11340006	10525980	13604160	8074576	6931212	8717772	20635005	18162069	8198497	7039213	23385959	13924986	20501973	15388842	14729989	19849088	18295104	6357314	12382942	9206399	15412924	16457983	6863774	14376892	14272068	8650181	20855067	9667920	9242775	9878743	9011578	17054938	11501810	9787028	9481558	11458955	24016074	7575878	13877025	9575932	8888549	15552957	10934122	7594655	23643096	8675953	protein_103
72383	128297	1633	27065	65020	23117	75656	87583	138628	102891	0	25351	28972	269682	0	15609	69639	15612	121282	0	101750	1130	1456	28419	33560	76685	1098	204282	532611	94857	81924	61077	189636	102706	521815	58110	629736	97768	0	182361	47212	139037	476182	174848	206285	341671	38808	1174	117524	84985	57258	0	120521	178169	138859	136949	123060	337194	91695	407136	78719	178046	187695	56587	protein_104
20271160	28093046	11847883	32564059	7746847	16082082	25127928	5158805	16865008	16559876	33249829	20367065	32501033	8574116	29533125	10696831	6921982	16703177	20011085	18478047	23467017	11457995	9139569	17936181	33757941	21582825	12527867	2053729	25634885	10391962	24965226	19802095	36525836	40700018	12778945	10823968	13352995	19599928	15687095	13380962	12982969	23390135	12055955	19839071	40376932	11978875	6124471	12454110	24310941	18771924	21352030	17557099	6806079	13776097	26730049	27201108	23042852	17075083	14335992	12618081	13429124	17032941	37168927	12468011	protein_105
367629	404043	190487	403303	551182	142699	494643	200254	379538	239442	29892	1460604	615486	310424	58188	113204	100782	90727	632021	76750	47553	311443	185174	83205	494907	5989	266031	186006	834840	274410	420847	4840	762896	24566	201727	26319	271254	131965	116126	264754	0	62504	378871	0	4288	0	170405	158354	84727	7101	48802	107877	321840	60576	1934276	73226	43012	0	0	156417	149783	1769266	668646	38559	protein_106
313067	301025	404596	54982	154783	862983	438885	393072	478720	251715	351080	106386	50431	692741	494534	602307	90701	648084	368840	589581	795594	703981	673927	706571	125131	415831	552566	582861	311351	129747	485953	304019	453947	386452	717384	332122	74180	400035	704983	152599	88301	1044914	918939	88853	372425	163018	635353	631449	436656	429204	707956	620343	45166	435548	538837	492594	655566	371141	131610	768680	141866	374082	455652	334554	protein_107
14674119	32847872	14557993	14813003	12644001	2943807	16443983	6203113	17354071	10160043	19131038	18577004	14320894	17907048	23719993	2273887	11272118	2540960	24263022	11636077	20116186	13269929	10496037	3003064	19034090	11349060	11087196	2432074	37377161	7920281	17462927	11265823	37404879	28632950	18966215	1175892	9264260	14120042	14047100	9467191	4526536	17494043	20843936	7515276	25778820	6388476	8655137	10243007	15770956	9703467	17099971	10341061	4529321	1868140	22294940	13352048	18421808	5421526	8868631	17860994	9671327	18251924	52333008	1413372	protein_108
2750625	3135032	759375	5758698	1134444	1190393	3572353	1147441	2072708	1794705	1690511	4091825	5286039	1772809	1667278	1117621	830290	1188401	2008616	413185	2148384	726499	680019	1165196	5853628	2270160	747369	624949	2951484	1211748	3825292	1979040	2616585	2492201	2975939	1223110	1242686	1125212	454151	1101764	636122	2556604	2891475	680581	2559877	601006	684617	858240	1389935	2260279	2320119	355047	490532	2003222	3959272	1283293	2107620	2274327	595445	3272414	1094944	915051	3899608	1670978	protein_109
102859984	208750043	71467922	121650112	186869873	52290008	160859946	64472817	151389924	148049895	189559874	155649896	129810148	142560046	216439918	60815882	142419872	60961833	154620110	77825870	185410150	58154952	52751086	68734977	145040067	202200127	76880868	90188993	230660112	64974052	143310084	213389991	189070102	291649864	120020093	38686048	127359931	123470134	117229862	93960041	49136954	197679986	133469993	57910990	230310055	60616161	87640932	90854879	112689900	206300003	175199842	79299867	69905163	54662926	192180106	94407157	167880198	43138043	73325911	132170052	113439982	129839923	273390108	63419000	protein_110
792046	2918269	1334626	2072088	378465	612467	1393796	408676	2358795	936733	1277306	1513963	1931847	677752	1435611	440078	473091	688889	1700854	862757	3191259	1078452	917709	660530	2235621	1462866	1593450	654544	1918355	408580	1666197	1625164	3503463	741129	2132124	590445	379971	1282335	690999	490814	565544	2596958	1041807	916019	842024	520195	393921	1300002	1338834	1142589	2709891	811455	325035	1003941	1607802	1566606	2444283	1024168	684869	1450225	737209	1257900	3926348	975247	protein_111
7232852	3831521	2064060	2704769	3922020	2168927	6819398	6652622	3238319	10388039	6946658	2269393	2488249	6255001	6685312	1785427	4066540	1658608	2554257	3285330	5561521	1739622	1769562	1623532	3865329	3502439	2319984	1566094	7199316	8052530	8036472	2721784	3100299	6538705	6999737	1893074	7004895	3841485	3658697	4505930	2165729	4230751	6820857	2355853	5640094	3157094	2525976	1760916	4858273	3526672	5444359	2836079	1889194	2190387	10600036	2732753	4329445	2381270	3563543	6173724	6089125	4955184	5268181	1714275	protein_112
3091287	3515207	253655	1461765	1584726	1874168	3452063	185606	805102	618207	2522407	1207775	3282852	1710472	1346967	2586992	1358064	819658	5994028	830614	2116221	85915	74922	1808405	2666038	1082555	200696	1065778	10475788	413154	3091543	817531	5986375	497428	3354393	1204696	268831	2336772	666939	810665	3787228	1691532	3186365	1597012	1348395	1245824	855607	86919	4814597	2953953	1176038	715599	456402	1403767	5691638	1368043	1857488	199111	8739731	3753857	240257	1875438	4715472	1353945	protein_113
198391	238325	191097	1006583	565600	65325	349898	565937	167649	1369230	165657	839960	1710978	144357	245281	18848	437672	61443	563751	268548	264872	386029	341504	56574	1262753	111238	406320	268823	921563	674902	439263	115020	1387514	559222	223788	771696	640653	557071	59511	734023	66986	225359	167493	102110	922348	59548	291722	351042	631413	75583	196636	281261	266095	667696	684942	512022	143374	307699	85716	245481	744794	574472	1390578	621307	protein_114
687463	498517	390035	1754038	879618	204827	927143	194454	108255	432324	82873	1188204	1468361	267166	87229	159272	597283	197416	295999	374810	142476	384595	307633	189840	2038838	164577	354753	300788	681211	304802	1106145	158763	508516	0	322436	142799	504856	349901	394775	575239	276690	143067	287945	237540	0	830940	427245	412673	434116	167868	144102	398208	218665	153382	1223718	384470	117741	342278	220177	335403	237811	462735	725650	162561	protein_115
869461	858030	2224734	1136421	4441951	5837202	1561446	2810963	3575304	5313291	2739345	3811226	9436175	4005703	2375921	5215459	5481340	4493090	5206227	5740961	8023371	3592298	2697131	4940893	3344543	3441366	3097445	2240033	2426391	4646331	1148039	5006289	9314622	9433414	5641220	3632674	4039119	2296023	6867997	4404424	2078735	4126140	3210301	2953407	5265157	2749700	4202460	4496416	2441948	3126368	5213143	5194124	1907929	4649699	2419758	2236767	3673610	3071727	4057083	3509122	3993020	4681438	1878742	3773909	protein_116
1796233	1023669	504998	1303634	684896	1359345	1055952	409676	1102861	2019206	1928263	1849557	2858001	394897	2594455	1197397	1153581	1232813	1541370	293097	2119216	765828	369819	988585	2000752	9591900	441037	1734852	1989437	1336662	1188631	7490729	4075130	2843296	534479	439768	615359	2897745	332956	972602	64633	1069311	299663	63279	2120210	56216	438271	850953	2785086	7329553	1362887	246099	396263	561722	2953869	2833315	1390886	58351	69627	355343	1084642	3695640	1506997	512242	protein_117
8905534	15191037	14416010	27371063	6938863	10548047	11973984	260254	9133244	6062861	23026031	17680068	23816996	5652698	21953942	8034514	7312682	10868084	7513013	9311537	11826071	14177999	11312955	12273981	29062956	17479920	14254872	4874287	13611967	3247611	13179166	15713956	12579004	23690162	7140851	2946987	8305020	2597851	12233928	7144093	5337184	10816894	7039315	5555116	18630171	6118093	5090009	13978790	2911728	13533108	10385057	9752638	3466197	3914755	16013082	3009628	11291947	13143021	5674824	7423804	4425840	3062750	20981862	3288436	protein_118
2107227	2562181	1250233	2103967	2401672	1693923	2175766	1570697	3177402	3247330	3018892	3642781	8174581	2675425	3216359	1422987	3108055	1918077	5528220	2532341	4318845	1168991	1032474	2113797	4850914	3730878	1071146	1591292	4190650	1514396	2131896	3856434	16108855	5145972	3450172	1070564	1456872	1618001	2403772	1403595	1570379	3748599	2936362	1963399	3466023	1388259	2727603	1652348	1874861	3593217	3825435	2045797	597170	1006478	4450263	1434602	3620466	1658637	2235212	3241646	1937719	1993442	4369969	1267899	protein_119
1202190	376388	384317	812329	366603	396395	828662	138492	324507	980556	1083088	1073407	923455	778723	1068498	531576	503445	371771	337275	422546	360062	272798	515893	410852	1828447	1471978	319454	536710	736537	984477	899532	1204737	207431	1217161	861326	593659	1161819	358479	629996	1009544	447450	445031	799065	354682	1161794	610573	693973	586630	470944	1719501	259957	373616	365037	1175607	2228273	237486	549924	600989	589031	420088	464678	353373	386039	768516	protein_120
288023	361004	134786	480770	872201	236000	328436	189136	259691	1255910	394439	964971	3790200	438096	469264	236027	962893	218972	838918	347670	627410	157173	90052	261084	1243778	29002	153063	17496	500510	734507	372687	25227	3170123	802381	1096582	295448	188005	721515	386461	214134	30348	340463	593016	20459	627964	37205	363807	200953	766892	16779	289308	318594	86109	513073	527951	699619	246353	304587	22551	613975	778502	726527	497050	440996	protein_121
353610	589094	1248892	2602918	157072	314552	408850	265669	502367	1409541	1968300	2052023	2484011	858177	1836818	224977	71069	329506	418025	1049750	901757	929046	836803	355630	2009118	910007	791081	43093	986491	1042751	563767	943099	644065	679687	834893	190373	1258541	159747	968591	1120265	102567	643245	761367	113353	891948	82523	92778	902255	167994	825793	679629	1293705	908836	306158	391340	223791	694050	190137	98663	1001633	1426082	113022	943820	229447	protein_122
2792747	467231	1720670	1973869	1465643	1762112	1742318	718336	1676634	2865792	4970585	1967098	2502147	1548432	4666533	3133649	3651463	2726864	561691	2651899	2452006	2321079	2029232	2345082	2354746	2510822	2514031	615545	1214488	2105244	2200375	1416224	716042	2642135	2316999	1894138	1782944	693114	5176659	1477639	2005736	951629	1638692	877292	2305519	1208700	981138	1728872	1348612	2503764	1144568	3948555	528461	6053056	3338506	730701	1571706	2451285	1027721	1168921	821355	790275	1651471	2684307	protein_123
229892	195697	240353	471465	170719	1171288	291555	144244	463416	344395	220784	446575	515442	122178	249205	1037241	162253	840884	196802	269611	720867	194234	210939	1042037	643279	147731	196038	443208	329625	258196	330795	108590	217594	283872	205577	392231	146630	397702	328031	119559	252506	768970	153161	289615	390373	296838	572801	179716	385707	221978	569017	354306	55457	647097	348395	217658	355507	121730	437280	237432	158155	339864	286004	677888	protein_124
2135950	3398439	977555	210251	807088	777876	2378237	244812	1206694	229332	1161968	134437	145855	1426632	1229850	453255	884468	575545	2465958	400161	1498316	814118	725544	464149	198815	791978	551918	1952073	4127808	158731	3319393	799040	2426419	805987	1397548	529779	1489636	744129	328490	971265	329956	1474644	1153286	209377	834023	160271	376053	898741	889147	651616	1408223	465528	991805	619376	3027676	872886	1610175	1718241	181051	1578088	186938	798200	4206503	640837	protein_125
3273507	5211839	1187533	4886161	2140750	930770	6011160	1740975	3643933	2760333	4318159	2897889	3169695	3074030	4433181	707712	1844757	893076	3037108	908067	4246487	1112868	1025245	985963	4796795	3958584	1200378	1144927	4424309	1783709	7051542	4650915	5076277	5638278	3833103	891643	1753891	2505310	940177	2004108	1950142	3780594	3880259	1286831	5504607	983901	2734494	1070731	2530693	2886066	3969954	1032541	761726	1305972	6928722	3162694	3117854	1651566	1251119	4082613	2042107	2583332	6508871	1206531	protein_126
69471	135437	0	218635	2709	123551	72147	0	54827	1836	14000	140436	144241	20365	12979	115753	4386	109386	140744	137897	68340	0	0	128293	231704	15035	0	0	374357	1163	95996	6294	140908	76963	23307	0	0	40304	183402	0	39363	77475	26134	28093	46461	167319	4343	0	28194	9342	64560	130650	0	0	74825	40113	70866	0	56206	26349	818	18794	237614	0	protein_127
2849304	3878910	781837	3267164	475497	1439049	4622794	363169	931331	1907337	914489	1921045	2610635	177006	917553	864072	455852	1474441	2260986	1230565	1218967	701416	684616	1474331	2695630	1278062	1035518	909888	2861689	1029979	5279774	1388078	3499355	769823	491069	930819	733513	831315	736434	896471	819579	1179412	232027	1318524	1541588	578090	447600	994811	874960	1035460	1154267	1193910	699420	1297407	4022976	1128856	759521	769023	809905	500256	1682386	738850	5011759	1682704	protein_128
2087399	3902188	2207921	4441682	4754300	2663285	2880364	2966762	4740964	6765172	5090699	5374653	4977662	4124672	4795704	2630372	5215518	1646329	5359659	2437975	4708809	2782866	2617336	2045085	5528048	4450798	3001497	2997523	7486998	4817407	3613911	4281191	4484325	4940558	4159186	1949019	4044879	2819788	3447316	3868368	2020700	5761275	4871527	1850352	4449889	3118356	5513021	3010838	3164455	5028488	5143490	2716352	1730912	3425032	5077704	2413476	4634334	2854955	2179006	5327139	4118566	3451073	6747964	2490453	protein_129
0	0	15303	86462	34214	0	0	171075	0	0	0	67110	72280	37016	0	0	45136	0	0	0	0	10438	9661	0	120468	0	11738	151313	0	0	0	0	0	0	22398	40042	92245	11252	0	133288	15425	0	38047	21633	0	27857	16486	11813	12448	0	0	0	22066	38274	0	15551	0	154068	19586	39450	0	13621	0	29736	protein_130
529927	133852	131446	470283	122441	168198	1163167	90939	437220	264344	195426	380557	306159	28323	179789	142426	112719	158812	54959	154396	373610	159015	127702	144265	477467	344839	152138	160258	112011	216185	1068592	336935	157607	159856	15870	80099	210684	386502	207641	224488	183129	423480	13103	188897	133228	183309	59453	165238	481398	313815	377840	192725	99639	120132	1191493	431129	286694	0	224904	10392	216888	367622	204359	144702	protein_131
2983663	7034847	2618323	5237384	4372854	1751434	6843138	1354521	2025463	5176046	2483773	4541581	15591014	1867968	3874099	1841955	3254261	3061883	9267917	3965159	3699824	2677155	2631827	2558135	9364792	5441652	2939692	2276656	6060860	960453	8285016	5207422	21656906	7806024	2386886	2540455	5406299	3335475	3572883	4872356	926689	3507343	1805789	1883966	5657827	945347	2507781	3280132	2465140	2072395	4431541	3846474	1996434	985750	9682728	5288905	2899998	4483078	2395662	2171548	4633027	3327836	8508078	2226101	protein_132
1326262	2232075	1087636	1818758	50639	429104	1576942	116516	878118	551818	1537271	1117024	1017514	578163	1120641	453577	62724	325246	981742	2182694	1459889	939597	820877	380119	1735612	1527645	1223452	64789	2267278	499014	1954791	1050202	1099933	1193245	985984	394197	440444	584877	2232608	424217	495837	1235758	607785	392596	821640	684658	855	1374533	585561	1071209	1411360	1696049	260208	517571	2023200	680378	1012582	2427214	384332	711102	358792	535189	2449453	433370	protein_133
29262901	61974974	27197938	79971018	46447133	16903997	40909912	15552039	37955011	29500083	51147958	46530055	57693199	19273009	51300115	12103927	48093095	15349889	45616122	15178953	45310935	22566883	21409038	17917029	67124958	29034965	23645920	47590995	55170984	19499100	44736917	32659178	57521181	60636930	39382127	10566258	26345801	22955975	17729912	27562929	12440855	44732993	26938991	11027827	63142981	12969046	39466923	21821988	25194111	27470054	42501874	17967980	17750082	16278810	45257926	26396045	31678916	14566094	10596069	39343936	20585917	22845678	84631131	14685210	protein_134
822044	737232	1836470	353006	304136	178140	898887	23753	241127	969867	187897	153560	223153	280868	135853	90209	417901	156511	321683	914458	307671	821160	939719	139786	303652	650955	870950	433972	819648	528647	1351561	741991	653720	269036	306330	260889	375715	302834	946220	600691	185793	315434	226144	226291	360319	136938	288521	1194228	343585	551550	299614	1469907	262371	242376	1279835	354114	300110	0	204722	421994	588632	303736	724695	302833	protein_135
739677	628925	395831	714948	422303	201480	914944	177769	584299	389828	119595	547137	608319	342495	164105	190834	413479	205753	335679	293639	795048	310249	313005	226339	810260	546377	292047	373528	746977	256649	1044487	508061	682020	223763	603077	121385	660658	112427	363277	717082	54925	739964	390802	57283	196016	57954	108047	339444	162748	483034	638876	301080	341512	166456	1197228	150776	648334	242548	66163	517628	282978	138409	870288	154411	protein_136
1241164	631143	83330	2218542	735547	0	1343291	0	471808	883888	1590788	1806781	3243241	716381	1633568	0	1645753	0	849666	515941	435774	117804	110918	0	2248952	3204052	375810	0	1566290	540258	1607147	1654481	1973460	3139829	433263	0	1847375	0	278465	4644316	598995	464981	726954	373232	3558531	313517	690706	237187	0	1988254	437109	104859	1764719	0	1904085	0	425772	0	431543	1118842	678119	0	1035581	0	protein_137
40146	1290528	685034	593203	413716	0	81757	842945	37418	895283	738407	412905	550159	520178	951606	0	392284	0	525891	498852	76371	608209	514385	0	618941	551617	612908	427122	699815	663382	112322	595560	1072265	520997	725756	0	556600	517795	589059	464363	75916	20589	758831	69186	509501	81361	422001	629905	607281	649137	84120	535605	207787	0	67985	417873	35469	0	73194	553882	481968	384857	1611894	0	protein_138
35141	0	0	0	18394	239046	55899	18662	78037	50069	10787	0	0	37671	9294	141546	23387	201271	0	0	126585	0	0	220082	0	45392	0	0	0	33802	61878	49769	0	958	68107	51617	262496	57472	0	249008	60468	64738	56230	67356	1296	79672	0	0	70956	38807	59456	0	85742	78013	64514	61542	58827	61428	89748	73952	30111	72917	0	66184	protein_139
187882	462002	211902	225998	117756	36003	289371	115518	282227	97335	0	138740	154671	166562	0	24572	136364	37361	243244	97873	367247	189491	176451	43789	203510	55943	249392	47798	424001	61836	304586	64233	427645	51082	284072	136789	27623	192137	63517	31158	58625	308789	247748	106626	54313	56264	71429	260462	211471	40969	287777	105139	23263	192560	335360	245334	314724	140236	80853	285882	73453	166872	532021	198154	protein_140
1991528	6063290	2241950	6452573	1465275	1352819	3894720	919286	3467592	1432776	2828359	5456482	5949129	1612085	2828662	909372	1152304	1190098	3915866	1953408	3871398	1887914	1727505	1299365	5232573	3263984	2199104	1656191	5200764	1000895	4021562	3447343	5197150	3236611	2511335	1223363	1465677	1672234	1815831	1708429	1426495	3654057	2032237	2035622	3587321	1503486	2620765	2298975	1891569	2856486	3988937	2467319	1345931	1816484	3977507	2041462	2785117	1842306	1775905	2929202	1391651	1296255	8067240	1911946	protein_141
4571	5940	0	0	32067	0	6302	2142	1843	0	1887	0	1182	24398	1474	0	23552	0	3550	0	4514	0	0	0	0	11454	0	16047	6223	0	6882	12613	5480	41799	40602	0	0	27077	0	0	0	2845	21321	0	15097	0	0	0	29831	11119	2510	0	0	0	11241	12722	2485	0	0	23007	0	21125	5472	0	protein_142
1732125	2989533	1579128	3572476	1893478	1723022	2754649	761766	1780743	2436150	1522200	2791708	2684438	1395145	1580111	1323132	1030596	1427260	1925819	900009	2062027	1369731	1238109	1325593	4664077	1020365	1583237	1406370	3424767	1604374	2654227	885704	2507196	961611	1583171	1034509	655755	1106779	1389459	814102	1408430	2315688	1651019	1648269	697612	1867044	1588432	1628467	1265400	1132631	1801796	1122458	274832	1146413	4000018	1032142	1680602	1788770	2416046	1796427	2047552	1459958	3866842	997931	protein_143
1826180	2371380	281398	1635609	702802	152160	2862103	926246	1134356	950076	661342	3169095	3981647	1115196	1287586	65118	581391	193839	1401144	657059	1403873	360029	335641	188210	1841567	1467977	288417	555293	3332938	200023	3801274	1202395	3442991	1062477	760440	182503	1052161	1293629	684433	436117	134119	1354326	552683	329852	1130609	239921	477986	465749	1041382	1458665	1466809	774295	643632	194779	3976423	1155965	1183246	557512	439238	1029533	755031	990706	4068360	291705	protein_144
13747199	14966979	5432035	985756	11130015	11344935	51051160	8783224	6540509	45055238	17679951	25891970	451452	12477000	30406014	34473028	436143	12830862	16168950	10769012	14512009	6660197	9324360	12997173	30800877	20810956	7707100	10531994	40880940	22826235	11697864	8116573	22220128	9607770	18432010	9420241	23527947	16454914	13805911	478407	4890779	10467031	12239975	4617975	10516056	8072658	3689806	5990382	7036549	17151925	9339616	4457648	5231573	21908102	74222956	8192942	17868954	4779038	7354552	11414842	555488	14248026	65193965	11178837	protein_145
8298809	4174081	6043475	4112060	6969877	1002980	7430400	2998070	6038394	8944900	5224574	3918376	5443951	3234224	6223653	952922	7621848	1001258	4786619	4096949	7320436	6212676	4495895	1201837	5888686	5318938	4365946	4232907	4672221	7485623	8022015	4426541	5922362	9098924	3705886	110248	10947059	2154061	5678242	9077954	729931	6241885	4594851	1037516	7271714	883379	5810260	5686851	2313473	4259182	6435878	3761578	9351693	132976	12048044	1333239	7389992	2101930	1041178	3641045	6247440	1848376	4289088	102551	protein_146
4485885	5908720	3408165	8778322	3355770	2661292	7656013	2559599	4913092	5804334	5485593	6805208	7721776	4006456	5716533	2490187	3540262	2916074	3667161	4519271	6318570	3010245	2631056	2959571	10211008	5741029	3628174	2375917	5871385	2993198	8126700	5705808	5645347	7012833	5440881	2569698	3461571	3086758	5297892	3702814	2506739	6063279	4594747	4069205	6203735	2490892	2265655	3731327	3972798	5205762	5149191	4831331	1939506	4108351	8815847	3565028	5924198	3371636	4101384	4745324	4797464	3040837	7732226	3693747	protein_147
365224	1703159	338118	2431165	1170446	590476	548300	364434	595572	335176	1877880	1545304	1954179	398248	1677927	617612	1433686	578426	1098993	807231	836546	332016	250906	489034	2515054	1031714	321140	598991	1565174	185268	531367	988009	1334741	1747464	494649	1099447	527118	605847	646821	439068	1224926	753358	436508	1450930	1676015	1114684	800971	331813	736353	695873	757511	705709	306785	1445022	678163	662872	808846	814123	1418851	515050	221529	454360	2085082	1525105	protein_148
4944891	5892293	5228798	7094088	4094570	811949	6113017	1217055	1895182	3294290	10284120	5760682	6916854	2659735	8950508	710109	3734966	1390972	3137201	6440002	2248658	4906052	4224009	1385286	7705480	7360797	5473715	2373847	7949766	1721875	6632870	6923777	6024272	11369154	3916463	731698	2765880	1348058	7214453	2105176	3690984	1931522	3028715	7554084	11102803	4029145	1582000	6589732	1454441	6619220	1979702	5562315	1981299	813935	7989856	1399452	2275793	2370360	7017560	3796304	2139091	1405973	7223707	1030303	protein_149
142026	226330	248467	37998	128274	45316	174562	6714	259285	44136	164286	17944	24850	496336	132343	60073	137167	46228	165006	181289	324793	128330	146573	65037	55415	103267	121524	351393	447106	50240	200745	94434	386311	440091	224069	68965	83625	187165	346244	90468	395159	286140	412330	145800	238615	177125	110010	132627	238716	315793	272132	264959	25785	50964	409667	77261	308616	21216	266307	293423	24316	376235	289547	51747	protein_150
352580	173406	429089	333047	179939	368376	756237	119704	34818	623870	11136	268803	232592	0	19694	210551	165823	249583	46967	329490	52084	357801	337517	298015	340192	17656	459853	0	147316	383096	756215	12276	79335	4644	0	571914	417412	241745	296576	408977	222942	14291	0	353012	1535	296224	320995	440132	230731	16575	19772	389287	261605	775597	632890	168408	12621	153903	325031	0	564353	260608	199640	871576	protein_151
4372064	3794255	3409000	5755424	5210910	3625209	4784974	2464243	7465064	11851930	11142028	6143228	21148941	7367447	11119899	3648129	7630892	4180364	8453090	8039329	11949059	4583825	3324644	4326872	9803018	11816882	4112654	1451691	6158841	7381218	5778515	10523816	31045941	14229877	13959983	3953968	9648289	6822654	7710216	9853035	5380301	9671815	9423819	7235376	11155074	6748307	4299502	5202582	6980286	7863968	10289993	6197327	4672471	4857721	6577287	7404814	8243879	4734097	7332050	10409927	7184285	5997368	5940009	4702818	protein_152
969570	1155841	819856	1912850	416224	444786	963388	163170	302655	308436	614144	586112	1538112	571266	340501	388424	604372	310748	711726	249762	333121	417559	1127643	588715	749430	671576	401287	343325	1090119	273274	1051643	516097	1373828	355772	728061	374679	370796	357225	228766	483333	204770	399955	937207	155131	428387	278823	242803	1160693	783822	391082	579265	597964	168842	1476020	1149036	525260	325693	223131	125002	854447	309671	544075	2104021	910704	protein_153
709471	1076002	464880	1487039	438985	331175	1139073	196938	242769	463160	405437	1483715	1516453	401564	483782	304476	495882	321551	656153	326802	287644	387579	301126	359628	1819850	401664	474043	165786	1191086	258894	1412974	390121	982945	820870	407459	62613	90215	315018	293007	83464	315492	312384	321774	385740	689627	424811	399319	463794	371544	357589	295374	313478	54834	103059	1447737	326054	236719	825751	438802	329848	371346	274032	1399055	89435	protein_154
4577800	2726293	1713196	3533676	2051454	232069	3715760	14733	1174487	1822425	3891808	775014	9069762	3283294	5592136	454467	4351005	33705	204615	1576384	2037214	761151	876192	26540	2656158	1004185	1511905	1948414	1438189	440005	3648559	646070	1256081	161308	8035946	288416	424054	3773069	590950	710793	646279	1342412	1290448	303205	5170594	787064	1471196	1694985	2623640	1659122	730120	2713533	955207	449364	7475748	2989414	2223131	2118354	585150	247139	2016823	2683757	685760	1138901	protein_155
158427	0	223341	0	24035	71936	209004	0	25634	0	97849	0	0	0	76330	31180	22604	35134	0	42979	33088	300330	208812	60029	0	41113	259608	62208	0	0	156419	37905	0	126701	0	3831	10416	0	78437	10422	0	42813	0	0	129162	0	0	209688	0	31715	29958	53371	6019	9229	275891	0	33030	395483	0	0	0	0	0	6414	protein_156
1218869	2446623	557845	1752988	842503	1457141	1823367	1319995	1230667	2459341	1217809	1997807	2686194	1031510	1577565	548161	1375526	675736	1746934	1430790	1373669	997310	592941	843718	2213153	1111157	731116	891475	2495701	2260249	2226427	1049667	3007081	1383054	1893235	1081524	1395684	422359	1318610	1238605	267198	1190609	1418789	367083	1261930	491045	615450	750345	689219	927997	1423638	1489299	466058	1701565	2600657	524441	1088676	1155777	408118	1024916	1684931	590518	3180996	1315056	protein_157
149399	321080	28429	307806	249943	0	209592	0	125971	242478	161983	434029	116898	50052	242641	0	340040	0	268718	78359	249648	30152	31106	0	812383	34676	21303	394538	1477867	23191	195619	54154	340135	79790	37747	424635	0	9867	96389	0	47936	297291	29876	60013	84219	55790	200499	60232	24263	54121	201124	48997	0	45453	1320726	9993	202490	0	64076	120195	26774	48870	463051	135882	protein_158
0	141934	413619	0	0	0	0	157454	110849	668715	0	0	0	116633	0	0	0	0	82913	361240	140694	295820	236875	0	0	0	432035	0	200428	344404	0	0	84469	0	215578	123753	586969	0	573015	535161	0	55559	333432	0	0	0	0	247150	0	0	106988	491944	845984	461361	0	0	143379	38742	0	190130	414618	0	130417	205385	protein_159
161873	97301	742940	441585	1019508	160759	1099534	211479	365330	1067198	7874615	956641	2681885	782706	3468498	418930	1742712	753673	51288	832475	607242	582712	154293	937749	3871945	1065187	1259783	68116	44390	318961	323270	995925	595074	1929540	199875	1106974	2294686	1515582	1394795	137656	561828	187628	257748	443814	722365	282937	337551	385202	258172	877539	494209	572592	203107	246195	2896757	118326	706076	91229	1574010	230394	913100	863850	416530	1577172	protein_160
1700944	4748928	2493610	1598975	3189292	359527	2716352	753262	2035038	879738	2552775	1386839	1552781	2035521	2709620	299524	3005260	328187	2810874	2199785	2529467	2004239	2018628	357668	1902621	4434891	2397889	1924481	5021498	997869	3525972	4779163	3877382	1078539	2480540	312227	654115	1659773	1995101	671652	541433	2505365	2142286	644900	928076	418673	1277072	2547088	2112483	4209956	2283020	1814887	366599	443863	3377606	1899890	2380023	1715775	620278	2440031	1674446	1497249	6010929	395809	protein_161
16129	85614	6855	111592	15949	55898	57037	0	11466	0	0	57513	182377	29315	0	25982	20487	31123	45004	0	6585	132817	7679	38234	153538	0	8620	0	498768	0	31794	0	72738	0	34507	16735	0	26019	0	0	10774	3630	460825	8562	0	7727	86492	6658	28193	0	2739	0	0	169792	17625	17675	10089	0	8148	28196	0	33078	93402	20048	protein_162
292787	346992	277480	551874	338749	232040	400392	75943	268359	216101	70857	280241	364675	374245	55466	180354	387323	208994	199269	506370	295746	277745	271651	253062	398708	134334	342146	217344	438615	151763	424758	136536	304510	388585	655844	0	59541	424774	720085	61371	0	318771	405173	0	380268	0	240605	383063	544883	109941	326553	669751	45119	0	555003	510811	254719	92673	0	582007	136201	389004	530359	0	protein_163
741908	2715435	479299	2993732	459979	61235	1162932	415979	480393	426565	350156	1561533	2990925	209773	308595	51855	423807	31999	1627242	868020	579250	352946	353584	39754	2833138	1580374	460724	302850	1847948	323279	1345814	1586777	2897354	263243	474468	30321	1462777	503346	652150	1323819	399731	633588	294739	790484	295031	493221	336899	448189	597028	861467	713361	795397	937439	36017	1166048	693923	525809	511848	887301	433685	445204	656581	3524391	41754	protein_164
15271960	17059038	12382960	17044833	13792129	15248801	21925097	16111079	12419892	24803027	14976968	14144757	14102043	14591018	15803913	12574072	10806185	10948060	19166172	13975204	15426058	14539966	11650916	10306927	20684910	16304047	13893935	10787973	27538045	19345074	25048052	14401934	12775018	35614015	17168981	9175382	7102647	8207096	17829098	16312981	8567147	15908065	19336092	7861433	25331107	14006875	9607654	11127960	12108125	15325695	15856157	14450973	6253498	12048034	25949101	11319060	11417920	14709989	9377631	15947971	13602994	10360951	26042925	9058582	protein_165
5468062	11775856	3353356	18537900	7337062	5408083	9856359	3524915	7058964	7730235	10189946	12131102	16735841	8502099	9892526	4590525	6758492	5026528	6849879	3855663	8557873	2954478	2780289	5315200	19874834	14544987	3274634	7469479	10747017	6560865	9688413	15300095	12317042	11337994	13070920	2869042	4723834	6459548	4614164	5556315	3858301	7963804	11176959	3848319	9649094	4232661	9328649	3857623	6737669	12851008	8350737	4408053	2668465	4505560	10469872	6474088	6373263	4182395	4075402	12518082	6270182	6890574	16003932	3743991	protein_166
565473	254185	396652	1594835	217993	192363	935763	173559	464222	1420282	257781	1363892	1243153	336641	220799	168188	213545	181636	168178	1067402	572635	368558	380266	181518	2046375	872643	447887	195987	295870	1337791	984320	764256	255619	286917	485257	308979	168209	146463	1276235	165576	763166	571921	418719	1316850	285891	1184430	328392	467313	210281	674099	532501	1354410	106555	619562	1248747	181983	498530	157349	1248201	482161	1458674	179696	469119	496782	protein_167
3511989	5043708	2257064	3631315	2804424	2078457	4662340	1626357	1957731	3599388	1606521	2881860	4962717	1925013	1386663	1888132	2670295	1979695	2851557	1579684	2986283	2050983	1936110	1848071	4481666	2412072	2234736	988055	4644829	2092471	5245474	2349523	5673262	1903649	3088740	1337262	2365125	2168378	2000112	2412343	562798	2549015	2413566	670909	1540568	624864	1463554	2178610	2376220	1810415	2447511	1827020	963203	1670819	6002960	2181091	2644368	1935712	623547	2391843	2398212	2546281	6540476	1730936	protein_168
3106425	12508065	3239415	4658690	1755386	1870693	5090987	556667	3484939	4320824	2154242	4193519	4333985	1573392	3188923	1470308	1960254	2880973	9176053	7137671	6248865	1275088	1533227	1372371	4590074	8225019	2772028	1860232	10098009	815768	6277059	6582699	9760177	1439742	2733157	3668821	1713981	2283329	3470440	1649435	1865364	3258249	1178526	7014584	2567193	1610333	2664063	3536930	2645574	2046150	3553398	3083694	2345373	2155946	5072938	5163106	4343698	5682277	3482322	923113	5919076	1871557	9691110	3440115	protein_169
528584	983842	52628	244259	3131	0	750688	0	51659	0	28047	62845	115861	0	39002	0	6046	0	477015	0	81864	39485	42020	0	103725	82481	59401	42672	356158	0	738086	114859	791936	1012241	0	62102	0	29045	0	0	0	44672	0	0	957957	0	57812	70077	27835	22479	60588	0	0	81006	481336	65425	73110	26258	0	0	0	26177	1063604	51812	protein_170
125726	170173	128876	210952	56468	0	122190	0	336336	9293	0	475566	180249	107157	0	0	41321	0	138966	138364	49901	66782	203991	0	238281	0	64380	34887	156533	8552	143170	0	207984	0	68277	0	11743	50742	44647	7510	0	71026	73511	0	0	0	36832	79796	67496	0	49787	57966	26478	0	569421	46851	49865	0	0	37448	16108	1368272	257504	0	protein_171
630574	1458680	914245	960459	989007	397167	993365	436087	286863	1332723	946195	884334	829392	404432	839027	359849	932161	496016	960200	646347	397817	752782	701875	547598	1165521	1045887	869232	529321	1926850	949188	1122108	1072967	1282025	1113941	609019	428006	757244	470490	781283	737095	496295	400575	480948	611302	1137768	485597	469094	931375	521701	1130595	347108	676637	403996	786909	1305117	484768	370733	501188	707037	636830	985632	462033	2090350	771093	protein_172
1224036	802766	937897	1197525	806284	136055	1164050	197998	358132	385220	484445	1169507	1147194	329259	435291	102896	418213	121308	855552	647447	447527	566552	421607	121024	2144180	550810	521945	1029520	1872716	298806	1376822	538878	1108378	246756	288227	681367	544244	365986	784091	865848	211538	501694	239797	320064	342261	135764	751553	608818	692748	1203586	366454	580885	297208	270096	2223070	488537	396959	159441	573232	316363	335029	1039345	1486058	290327	protein_173
327780	397779	6517	321286	110088	118846	401852	169951	350330	142820	70925	398237	332799	370446	75103	98719	101787	94619	248142	96370	403932	3650	5403	96096	484928	153411	4707	213323	514414	130949	458270	145393	409152	61569	454360	188857	197931	191442	106100	192766	157506	452487	443258	159379	45714	181439	73425	6884	242901	169663	385513	92752	82136	317779	698425	193029	414046	168732	172991	435987	119288	223462	599243	251931	protein_174
104221	101916	96720	149433	3693	66724	183220	25258	51888	95253	4369	75444	129567	39006	3716	60798	4400	81407	63121	86654	76671	91170	75744	73590	184698	42121	91426	7254	68125	46216	182008	41189	81937	1893	50259	26133	38012	13193	76589	51361	13610	67680	39716	16659	5387	13785	5030	104078	18810	32693	67673	84841	30479	42739	131596	18902	54173	10247	17490	48215	84761	11433	125507	37216	protein_175
63587137	120379923	45586792	111890091	71390977	51185219	83567069	30869901	58572117	81851088	133730010	82923908	98725052	44459992	119610029	48660031	82280001	50538876	67134970	61175918	67986113	41198077	34494007	47618176	123569840	112270108	42964953	49471068	125379945	43011053	93173900	108340035	118389912	142140136	65425975	26478939	67916965	51329077	67373961	69225911	34291978	71777892	54218797	43023978	129650056	36353027	52768046	43315002	51784864	93502864	68731835	56993922	31628991	33399196	107840065	50256188	75470049	38185118	42757104	61623898	49795011	41379034	158560188	35390960	protein_176
5123529	4264012	1386751	3336922	624009	304092	5537387	14442	3279380	48788	4200059	713346	1202071	133737	5487617	171472	654139	387882	11244966	82159	2679663	1755150	1192811	699616	2505965	9203469	114592	2823082	5664242	17529	8453249	8869505	6536146	10030978	389256	0	3520947	304249	87514	1788008	688137	3336480	325013	1196452	10762971	690608	3056210	1529210	397349	7318068	3303830	75811	1622925	0	9211973	422846	2912038	231647	976991	293241	24386	237695	5933921	0	protein_177
4722354	10551997	2866944	9003006	3693343	3691410	5792278	1917542	8511879	5515072	11696939	8313937	8352474	4376974	12092983	3196139	3692444	3539175	6790593	3212717	8241953	2408893	2124558	3535911	10874042	8810190	2137227	2473925	13291025	3452554	6939229	8140415	9469717	15020121	3967702	2567033	3007646	2330741	3572920	2739671	2968772	5896441	4210699	3566254	11598018	2852556	3777354	3071410	2632124	9251635	5508107	3055067	1503539	3652930	8512045	2373698	6437032	3252687	3531828	4253315	3997539	2177063	11942835	3424405	protein_178
2035007	480257	1423441	1627218	1652451	1384169	2207879	1892649	2893015	3128933	2305104	1615727	1312751	1770993	2545783	1126566	1459805	1384284	437344	2042750	3671005	1263832	1348104	1577051	1913454	2590202	1345216	705980	671122	1624964	2306268	2393599	677704	2370709	2082084	236198	1652950	2167293	1711035	1840122	2074899	3207758	1724576	1872287	1962376	1805166	1120217	1237855	1706982	2690016	3748074	1622436	820584	397090	2899458	1951600	3106728	1474187	1966618	1900107	1827271	1826149	1089782	376131	protein_179
1000699	1128124	698966	1883077	512607	401510	1869391	12555	629441	231350	669217	1205151	1460660	105047	768239	274347	519062	334310	608383	371887	798688	573039	499546	385267	1767466	594895	726370	73526	823324	131010	1908389	565869	1036123	1078906	172667	290608	133784	322967	364063	164046	23272	643160	130200	27455	1199198	18494	166884	746192	375671	434914	715376	384003	100225	455176	1904244	373901	585717	471757	24547	171893	195718	305332	1627988	470185	protein_180
400271	551086	489756	422653	416830	226075	528943	181824	333101	359967	287411	433138	406594	497513	332220	192914	844999	188650	390753	443946	176608	336375	432166	370861	288304	810881	482319	567583	588055	471100	318665	704680	683374	590970	423573	117367	412481	269249	451760	654439	277945	276078	598509	222914	296460	157247	508423	367841	469549	637857	337743	366977	189850	98560	728862	401891	285384	351538	145417	501926	257390	331955	910713	168380	protein_181
21175039	74459874	47493045	67053924	64126036	20834996	31167989	6916732	65987796	32351882	79225059	35851952	40814070	59449069	82119914	16527964	62716059	19924959	33152100	40194093	84225871	39573106	38732995	19566915	54327865	65283980	42784091	56737113	65285108	19635135	35572821	64510920	42874147	93174755	91589095	8145503	44342075	28458991	36080876	43921902	10592120	75578207	77546860	13104802	86706912	10964036	40057069	44577943	31795939	50271031	73942214	34790026	27213931	11134986	39496023	37211156	85481934	39791833	11131025	93263830	27067128	24029118	82169969	10345892	protein_182
371657	513451	401288	387366	1490699	369526	393083	1937179	2420826	2952276	2468798	590513	1400300	2068363	2417727	337866	1316164	391544	726095	627985	3975204	708823	549999	327843	638483	3096719	690816	994877	845591	1749494	521857	3378498	2094454	724242	3432946	659622	912908	2205494	750722	983217	42583	3106727	2801644	128762	600523	70049	947773	394975	2361587	2636254	3413902	563631	373590	901761	565463	2335359	3049584	59647	183186	2836887	1242235	1732697	800374	737336	protein_183
212425	0	0	0	74102	88603	359589	181893	62879	62043	75877	0	0	162436	79024	93714	48350	133378	0	239046	69793	0	0	112300	0	0	0	0	0	42097	372108	0	0	0	214920	0	0	52708	197598	0	0	61462	247891	0	0	0	0	0	40532	0	81488	177847	0	0	425822	59812	69762	0	0	184027	34168	46192	0	0	protein_184
404749	690087	551200	534186	463153	765302	510924	531400	1111393	256891	560297	532598	1731616	454341	408197	328171	684001	520241	777081	705459	1712125	926980	697352	776100	855837	624925	1155681	284121	465186	139128	700952	613933	1880253	624144	673423	180879	487300	429875	688711	409980	592456	1118075	552560	455416	743041	590567	416198	766569	411282	505055	1270939	653486	167123	942195	680852	333463	935763	530741	421906	548611	183380	372316	823390	563478	protein_185
137327	293377	29958	251871	129992	244635	163097	253782	221486	133514	135932	187227	260665	388183	165278	177942	171893	239084	219092	55645	272849	35804	45819	200798	334855	193843	29037	313999	428252	108715	224856	158313	261390	142922	361809	182071	474946	224709	90498	343517	202986	361641	328537	239403	194238	482081	51860	36968	255822	110027	306863	66761	112100	209846	233790	227121	242055	299605	206313	250658	157134	208555	489455	160602	protein_186
28320	556194	101687	446094	44520	0	50309	33511	24854	157597	309927	248010	306342	62300	302638	0	57492	0	336206	216089	30276	102160	79281	0	447149	25366	105714	368468	570558	93489	64827	29600	581213	12143	116952	0	103808	259487	179282	106386	0	24468	79597	0	13827	0	126001	102260	331234	28882	26117	260268	60686	0	58850	295125	19229	0	0	132629	119057	247543	781460	0	protein_187
70833	56449	4878	406653	0	4461	213240	0	0	0	26781	200160	259384	0	26976	4089	0	2778	42822	0	0	2954	4271	6675	220570	0	2020	11282	88073	0	220485	0	66249	0	0	7189	0	14134	0	0	1238	0	0	2560	0	3495	10367	2837	12887	0	0	0	0	7263	169753	15131	0	0	3252	0	0	12500	95012	10473	protein_188
248531	382182	190054	304520	7430	96756	486333	39469	61507	119906	135711	243347	224371	205570	161520	70850	7352	76612	216057	150175	89583	131410	142237	92251	342099	252088	154913	12115	384434	68655	606477	241337	360663	48348	306623	61129	65193	68817	160311	67329	40090	57683	236524	62034	70004	53051	5259	171364	79339	209201	100424	162598	47270	92967	491439	92470	57750	61550	54311	316724	104008	68484	504253	102372	protein_189
232486	1194369	1181920	733563	398664	293743	516813	601208	444262	1978096	1248401	467777	498538	412330	965022	176790	459947	488266	544111	1178678	507842	1150622	966773	311460	795862	903634	1295488	475771	1036864	1055872	466751	855038	962630	1269524	535976	385924	1568241	362682	1960466	1129539	300662	633099	667430	432704	733212	274042	544572	1156643	292314	739130	521214	1582771	639172	361465	547536	318601	468334	811040	464575	814194	1131127	417501	1771265	399296	protein_190
923578	1448490	154268	922715	144406	159756	2177386	75748	528964	461114	419553	544436	767538	98990	446095	221605	154339	245568	482225	389333	843195	172311	119475	262533	1060388	1232176	142988	198360	569705	242203	2496813	1128750	1129327	173314	194010	392641	121086	957319	188345	132305	323398	658697	128575	650398	152415	289444	470569	222373	937070	643913	858015	279377	80822	332614	2211128	1129958	570701	461893	479230	136822	408479	806142	1266632	603424	protein_191
548958	1049052	726622	1467869	2498483	895091	574627	861922	1630958	1930645	2770146	973460	1385640	644810	2326937	844639	2778135	777145	2304086	1380676	2041282	817914	779242	837210	1310236	2326887	873511	2264010	1655524	1955798	613635	2103468	886265	1666259	647800	751770	1254624	1105562	1265105	1304335	2167229	2270614	716821	1580803	1449115	1626250	1759252	741261	954093	1600005	2024535	1174081	795737	951410	1212081	845928	2135777	817983	2154163	734215	1553722	899147	1566100	1095827	protein_192
3769103	2217219	292100	1075833	476372	2485280	4421566	216256	4233532	140701	236932	2068383	1147861	545106	547814	3529115	308226	3115020	1335666	8211906	4347521	324226	203897	3072620	1575178	563250	249496	532136	2067538	119787	4002362	430642	4854024	3524831	679354	1554113	257739	862268	3677746	166313	2048800	3614325	887900	2457182	7664581	1716484	410729	207179	791332	383178	3463112	5699788	205464	1761522	11942958	1030570	3134371	238844	4830056	955982	383332	4427805	2484926	1656460	protein_193
3343454	5161100	7086600	5211374	5825018	7869053	6970836	5046055	5686070	8921508	4269044	6110300	3872075	5232391	4063006	6816393	4631940	8658283	3312365	4454057	10418066	8001827	6395326	10201011	4748705	4881466	8179349	3879236	5248981	6928110	5781043	5490892	4284556	5514209	9526919	4809845	3740094	2180231	3809233	4656433	5623741	4481600	4834433	7463575	4648750	3876047	7227894	6597803	3057831	3753102	4768300	5804478	2520955	7028960	6564568	2414832	3574112	6045190	7212954	6046990	7449830	5236474	7577424	5957655	protein_194
3434557	4833588	2122487	7963262	4684252	3426981	5077995	4562454	8765614	10699144	10316073	8360102	13611091	5521041	15173976	1939807	6575935	3440583	3609697	3487833	12154053	3223322	2633515	3724289	9379907	7758394	3191031	2766397	6976318	8117499	6406000	8212452	7140211	9603243	8512700	3307850	7557923	7020779	3431625	7349138	3225523	10981949	7493254	3733207	7725761	4947626	4029275	3742586	6177570	8025927	11703916	3507053	3714591	5017640	8088491	5344045	8624077	5162408	5042670	7121178	7273332	4300835	8614103	3873275	protein_195
72289	141661	0	190590	0	43523	115037	36768	50112	53901	33927	175198	172969	38592	65500	38569	0	51003	83866	0	75855	0	0	58523	174367	51960	0	138646	188724	40790	121541	105699	109952	0	54842	49990	24342	102596	0	19914	18801	34011	57935	26480	0	19893	83995	0	119635	69929	45466	0	5261	98158	59504	64629	48200	0	22335	41606	23750	65802	231302	76205	protein_196
2551369	5741945	2202497	3887802	2054455	2548237	2973205	2328755	2044444	4588429	4124276	3176106	3607639	3245463	4038987	2234926	2181006	2093121	2940192	2740058	3595177	2111278	1868430	2274596	4717258	3200399	2340436	2008390	6891890	3518277	3372336	2990108	5259587	4832260	4771583	2165539	2309991	1531639	3645599	2160727	2526276	2637520	3863881	2436596	3596608	2895420	2617311	2213624	2197123	2693769	2270693	2872863	985796	3086058	4274067	1332014	2926875	2927662	2589288	3371640	3111192	2197765	7360707	2222937	protein_197
25593	0	15567	11549	0	13340	38238	0	0	0	19661	8429	8453	0	17888	7886	0	15719	0	0	0	12696	10477	12160	7839	0	16314	0	0	0	41277	0	0	8683	0	10181	1915	0	0	2500	9733	0	0	15582	9196	11847	2675	17064	0	0	0	0	2099	10326	36704	0	0	0	12575	0	0	0	0	15298	protein_198
50485	99674	4900	108783	12406	0	92610	20269	86103	31650	11218	54093	50274	5977	6902	0	7602	0	41064	37937	86889	8685	8784	0	108102	53158	9286	69897	24583	19545	83433	58488	153123	9001	16739	19084	1248	43604	26506	3911	41911	91203	11901	9526	9042	10882	39539	8995	45115	32928	82184	35497	1256	19214	96863	72907	39317	29832	10728	14532	22473	35437	120859	19054	protein_199
